filename,label
image_05663.jpg,3
image_05145.jpg,1
image_01894.jpg,77
image_00412.jpg,72
image_00967.jpg,45
image_02181.jpg,74
image_05879.jpg,62
image_07585.jpg,94
image_00931.jpg,80
image_06269.jpg,60
image_07436.jpg,93
image_02855.jpg,55
image_03122.jpg,10
image_07370.jpg,93
image_01876.jpg,77
image_07471.jpg,94
image_04198.jpg,51
image_07224.jpg,6
image_03282.jpg,64
image_06566.jpg,49
image_07149.jpg,44
image_00130.jpg,76
image_07010.jpg,38
image_04899.jpg,19
image_07494.jpg,94
image_07492.jpg,94
image_07958.jpg,100
image_02739.jpg,57
image_02384.jpg,42
image_07654.jpg,95
image_03892.jpg,16
image_04261.jpg,17
image_03264.jpg,64
image_01029.jpg,45
image_05256.jpg,27
image_04281.jpg,17
image_02537.jpg,75
image_02999.jpg,59
image_03257.jpg,64
image_02320.jpg,42
image_00187.jpg,76
image_03641.jpg,52
image_04218.jpg,51
image_07082.jpg,66
image_00181.jpg,76
image_00038.jpg,76
image_02415.jpg,42
image_07628.jpg,95
image_01682.jpg,81
image_02096.jpg,74
image_01413.jpg,50
image_03824.jpg,36
image_05407.jpg,53
image_04363.jpg,35
image_00567.jpg,87
image_01438.jpg,50
image_04843.jpg,90
image_02065.jpg,79
image_00920.jpg,80
image_05532.jpg,65
image_05792.jpg,12
image_01602.jpg,81
image_07559.jpg,94
image_06478.jpg,32
image_05949.jpg,67
image_07326.jpg,93
image_06111.jpg,63
image_04421.jpg,89
image_02582.jpg,83
image_07075.jpg,66
image_04162.jpg,51
image_06560.jpg,49
image_08151.jpg,61
image_05630.jpg,3
image_05753.jpg,12
image_03072.jpg,91
image_02655.jpg,57
image_04044.jpg,11
image_00348.jpg,72
image_07111.jpg,9
image_02469.jpg,75
image_03684.jpg,52
image_03100.jpg,10
image_01123.jpg,45
image_00711.jpg,88
image_00927.jpg,80
image_03203.jpg,64
image_02494.jpg,75
image_02994.jpg,59
image_04600.jpg,39
image_06366.jpg,14
image_03843.jpg,16
image_01164.jpg,73
image_04983.jpg,46
image_01823.jpg,82
image_07921.jpg,99
image_03225.jpg,64
image_06261.jpg,60
image_08006.jpg,101
image_04571.jpg,39
image_03238.jpg,64
image_03882.jpg,16
image_02510.jpg,75
image_02741.jpg,57
image_01327.jpg,50
image_05916.jpg,67
image_02123.jpg,74
image_05693.jpg,41
image_01311.jpg,73
image_05347.jpg,21
image_01581.jpg,43
image_07190.jpg,5
image_04131.jpg,28
image_03783.jpg,36
image_06921.jpg,30
image_02109.jpg,74
image_02191.jpg,40
image_05148.jpg,4
image_04373.jpg,35
image_00270.jpg,72
image_05406.jpg,53
image_06067.jpg,13
image_00357.jpg,72
image_01660.jpg,81
image_02483.jpg,75
image_05413.jpg,53
image_03668.jpg,52
image_00881.jpg,80
image_01176.jpg,73
image_00289.jpg,72
image_07952.jpg,100
image_05053.jpg,58
image_04310.jpg,17
image_04215.jpg,51
image_02302.jpg,40
image_01126.jpg,45
image_04521.jpg,70
image_00051.jpg,76
image_04437.jpg,89
image_04863.jpg,90
image_07044.jpg,38
image_04935.jpg,19
image_02587.jpg,83
image_07532.jpg,94
image_00007.jpg,76
image_07920.jpg,99
image_05495.jpg,86
image_02581.jpg,83
image_00504.jpg,87
image_02048.jpg,79
image_01654.jpg,81
image_04755.jpg,54
image_03196.jpg,64
image_05699.jpg,41
image_07124.jpg,44
image_06232.jpg,48
image_08068.jpg,30
image_06046.jpg,92
image_01281.jpg,73
image_05677.jpg,3
image_05192.jpg,4
image_00745.jpg,88
image_05953.jpg,67
image_06781.jpg,20
image_02366.jpg,42
image_03498.jpg,29
image_04240.jpg,51
image_04965.jpg,46
image_04115.jpg,28
image_07451.jpg,93
image_04866.jpg,90
image_01075.jpg,45
image_02364.jpg,42
image_05587.jpg,31
image_01917.jpg,77
image_04454.jpg,89
image_04538.jpg,70
image_03448.jpg,22
image_05874.jpg,62
image_02846.jpg,55
image_07098.jpg,9
image_01981.jpg,79
image_01973.jpg,79
image_00429.jpg,72
image_00698.jpg,88
image_06697.jpg,78
image_01543.jpg,43
image_05671.jpg,3
image_02900.jpg,85
image_00273.jpg,72
image_00371.jpg,72
image_04608.jpg,39
image_05960.jpg,68
image_05635.jpg,3
image_08061.jpg,90
image_02874.jpg,85
image_06715.jpg,78
image_05477.jpg,86
image_05251.jpg,27
image_01477.jpg,50
image_05820.jpg,37
image_03848.jpg,16
image_03052.jpg,91
image_00805.jpg,80
image_00606.jpg,88
image_03691.jpg,52
image_08045.jpg,101
image_05287.jpg,69
image_02793.jpg,55
image_05230.jpg,27
image_07151.jpg,44
image_01299.jpg,73
image_07225.jpg,6
image_06309.jpg,49
image_00845.jpg,80
image_07646.jpg,95
image_02603.jpg,83
image_07707.jpg,96
image_05307.jpg,69
image_05535.jpg,65
image_00882.jpg,80
image_03311.jpg,7
image_06284.jpg,60
image_04086.jpg,28
image_00605.jpg,88
image_06546.jpg,49
image_00075.jpg,76
image_02545.jpg,75
image_00940.jpg,80
image_07875.jpg,98
image_00956.jpg,45
image_06987.jpg,34
image_00134.jpg,76
image_06312.jpg,49
image_00468.jpg,87
image_06565.jpg,49
image_01885.jpg,77
image_00159.jpg,76
image_05463.jpg,86
image_02857.jpg,55
image_07618.jpg,95
image_06216.jpg,48
image_03157.jpg,10
image_06503.jpg,25
image_00626.jpg,88
image_01417.jpg,50
image_01324.jpg,50
image_03194.jpg,64
image_02903.jpg,85
image_04014.jpg,11
image_04042.jpg,11
image_01459.jpg,50
image_04199.jpg,51
image_02782.jpg,55
image_03105.jpg,10
image_06484.jpg,32
image_00619.jpg,88
image_04274.jpg,17
image_00059.jpg,76
image_03451.jpg,22
image_06506.jpg,25
image_03064.jpg,91
image_00963.jpg,45
image_02230.jpg,40
image_04035.jpg,11
image_07800.jpg,97
image_06362.jpg,14
image_02552.jpg,75
image_00256.jpg,72
image_06348.jpg,14
image_03425.jpg,22
image_00143.jpg,76
image_00372.jpg,72
image_04587.jpg,39
image_07319.jpg,93
image_05016.jpg,46
image_01206.jpg,73
image_06339.jpg,49
image_05588.jpg,31
image_03987.jpg,50
image_07694.jpg,96
image_00095.jpg,76
image_00918.jpg,80
image_05312.jpg,69
image_04807.jpg,84
image_05835.jpg,37
image_05597.jpg,31
image_03673.jpg,52
image_04868.jpg,90
image_06741.jpg,0
image_08020.jpg,101
image_03398.jpg,22
image_04272.jpg,17
image_07425.jpg,93
image_02978.jpg,59
image_07971.jpg,100
image_04280.jpg,17
image_03944.jpg,50
image_07476.jpg,94
image_03287.jpg,7
image_01627.jpg,81
image_07179.jpg,5
image_05247.jpg,27
image_06176.jpg,18
image_06746.jpg,0
image_08146.jpg,56
image_07171.jpg,5
image_00004.jpg,76
image_05610.jpg,31
image_06116.jpg,63
image_03501.jpg,29
image_02101.jpg,74
image_07285.jpg,36
image_07324.jpg,93
image_02983.jpg,59
image_06819.jpg,23
image_05763.jpg,12
image_00199.jpg,76
image_02026.jpg,79
image_05296.jpg,69
image_05009.jpg,46
image_05057.jpg,58
image_01770.jpg,82
image_02380.jpg,42
image_01402.jpg,50
image_01861.jpg,77
image_06778.jpg,20
image_05387.jpg,21
image_06442.jpg,32
image_05066.jpg,58
image_05366.jpg,21
image_01528.jpg,43
image_07263.jpg,56
image_06684.jpg,15
image_05337.jpg,69
image_08053.jpg,23
image_07890.jpg,98
image_06675.jpg,15
image_04898.jpg,19
image_02338.jpg,42
image_00861.jpg,80
image_02774.jpg,55
image_07989.jpg,100
image_07606.jpg,95
image_03881.jpg,16
image_05913.jpg,67
image_01452.jpg,50
image_02687.jpg,57
image_02519.jpg,75
image_07485.jpg,94
image_00674.jpg,88
image_07085.jpg,66
image_03522.jpg,29
image_04059.jpg,11
image_05742.jpg,41
image_05525.jpg,65
image_05410.jpg,53
image_04852.jpg,90
image_06249.jpg,60
image_01179.jpg,73
image_06076.jpg,13
image_07601.jpg,95
image_03750.jpg,36
image_02580.jpg,83
image_00954.jpg,45
image_02528.jpg,75
image_00564.jpg,87
image_02360.jpg,42
image_03512.jpg,29
image_01457.jpg,50
image_00338.jpg,72
image_06969.jpg,34
image_01912.jpg,77
image_03676.jpg,52
image_00264.jpg,72
image_00889.jpg,80
image_02514.jpg,75
image_02474.jpg,75
image_04132.jpg,28
image_05773.jpg,12
image_00545.jpg,87
image_05795.jpg,37
image_03492.jpg,29
image_02244.jpg,40
image_04997.jpg,46
image_07965.jpg,100
image_00419.jpg,72
image_04200.jpg,51
image_02967.jpg,59
image_07901.jpg,99
image_05921.jpg,67
image_03504.jpg,29
image_04476.jpg,89
image_06151.jpg,18
image_02551.jpg,75
image_05912.jpg,67
image_07633.jpg,95
image_02729.jpg,57
image_07139.jpg,44
image_02706.jpg,57
image_00637.jpg,88
image_08185.jpg,61
image_05804.jpg,37
image_02029.jpg,79
image_03933.jpg,50
image_08106.jpg,5
image_05416.jpg,53
image_05528.jpg,65
image_00237.jpg,76
image_07717.jpg,96
image_00469.jpg,87
image_07029.jpg,38
image_06747.jpg,0
image_02895.jpg,85
image_07504.jpg,94
image_05682.jpg,3
image_03042.jpg,91
image_01726.jpg,82
image_00647.jpg,88
image_06350.jpg,14
image_00756.jpg,88
image_04408.jpg,89
image_02087.jpg,74
image_05317.jpg,69
image_02517.jpg,75
image_00162.jpg,76
image_03665.jpg,52
image_04224.jpg,51
image_05772.jpg,12
image_06729.jpg,78
image_07974.jpg,100
image_00151.jpg,76
image_01547.jpg,43
image_01784.jpg,82
image_00084.jpg,76
image_06196.jpg,18
image_02470.jpg,75
image_06995.jpg,34
image_05418.jpg,53
image_07175.jpg,5
image_01928.jpg,77
image_01553.jpg,43
image_04859.jpg,90
image_04732.jpg,54
image_00905.jpg,80
image_03266.jpg,64
image_05108.jpg,1
image_01376.jpg,50
image_00478.jpg,87
image_02271.jpg,40
image_05980.jpg,68
image_03323.jpg,7
image_06302.jpg,49
image_06735.jpg,0
image_07153.jpg,44
image_05675.jpg,3
image_04265.jpg,17
image_05844.jpg,37
image_03631.jpg,71
image_05524.jpg,65
image_00227.jpg,76
image_00477.jpg,87
image_01878.jpg,77
image_04088.jpg,28
image_07526.jpg,94
image_07502.jpg,94
image_07439.jpg,93
image_04995.jpg,46
image_07182.jpg,5
image_05203.jpg,4
image_05168.jpg,4
image_05434.jpg,53
image_03744.jpg,36
image_02493.jpg,75
image_01597.jpg,81
image_04090.jpg,28
image_02928.jpg,59
image_00068.jpg,76
image_06773.jpg,0
image_02216.jpg,40
image_00091.jpg,76
image_08171.jpg,61
image_03951.jpg,50
image_03108.jpg,10
image_04576.jpg,39
image_05816.jpg,37
image_01755.jpg,82
image_05111.jpg,1
image_06680.jpg,15
image_00795.jpg,80
image_03573.jpg,71
image_06933.jpg,33
image_04557.jpg,70
image_02127.jpg,74
image_07251.jpg,56
image_05252.jpg,27
image_04029.jpg,11
image_03648.jpg,52
image_07498.jpg,94
image_02049.jpg,79
image_05809.jpg,37
image_07908.jpg,99
image_06942.jpg,33
image_03956.jpg,50
image_02632.jpg,83
image_04912.jpg,19
image_06774.jpg,20
image_01858.jpg,77
image_07126.jpg,44
image_05817.jpg,37
image_01634.jpg,81
image_01610.jpg,81
image_03647.jpg,52
image_00176.jpg,76
image_07632.jpg,95
image_05686.jpg,41
image_03192.jpg,64
image_04882.jpg,90
image_07488.jpg,94
image_07035.jpg,38
image_05304.jpg,69
image_02085.jpg,74
image_05865.jpg,62
image_03939.jpg,50
image_01431.jpg,50
image_04474.jpg,89
image_01351.jpg,50
image_06020.jpg,92
image_00249.jpg,76
image_06035.jpg,92
image_04780.jpg,84
image_07821.jpg,97
image_07327.jpg,93
image_07792.jpg,97
image_06215.jpg,48
image_02890.jpg,85
image_07330.jpg,93
image_00689.jpg,88
image_04411.jpg,89
image_07914.jpg,99
image_01860.jpg,77
image_06192.jpg,18
image_03342.jpg,7
image_02955.jpg,59
image_02605.jpg,83
image_02680.jpg,57
image_05088.jpg,1
image_04527.jpg,70
image_02386.jpg,42
image_04282.jpg,17
image_07477.jpg,94
image_06511.jpg,25
image_06188.jpg,18
image_04940.jpg,19
image_02842.jpg,55
image_06257.jpg,60
image_07852.jpg,98
image_05022.jpg,58
image_03584.jpg,71
image_07835.jpg,98
image_00799.jpg,80
image_04196.jpg,51
image_01840.jpg,77
image_03019.jpg,59
image_08044.jpg,101
image_05349.jpg,21
image_04425.jpg,89
image_02692.jpg,57
image_01370.jpg,50
image_05097.jpg,1
image_05983.jpg,68
image_03929.jpg,50
image_03413.jpg,22
image_05534.jpg,65
image_01731.jpg,82
image_03531.jpg,29
image_00542.jpg,87
image_06706.jpg,78
image_03611.jpg,71
image_04533.jpg,70
image_06306.jpg,49
image_04568.jpg,39
image_00786.jpg,80
image_02569.jpg,83
image_06239.jpg,48
image_03596.jpg,71
image_02858.jpg,55
image_03400.jpg,22
image_02873.jpg,85
image_02466.jpg,75
image_03198.jpg,64
image_04648.jpg,47
image_07019.jpg,38
image_07376.jpg,93
image_04472.jpg,89
image_04539.jpg,70
image_01816.jpg,82
image_01145.jpg,73
image_01820.jpg,82
image_06655.jpg,15
image_03314.jpg,7
image_01907.jpg,77
image_00830.jpg,80
image_03121.jpg,10
image_00385.jpg,72
image_02012.jpg,79
image_00495.jpg,87
image_04524.jpg,70
image_01552.jpg,43
image_02110.jpg,74
image_06794.jpg,20
image_04410.jpg,89
image_03962.jpg,50
image_04771.jpg,84
image_04011.jpg,11
image_06255.jpg,60
image_04748.jpg,54
image_06262.jpg,60
image_07700.jpg,96
image_00362.jpg,72
image_05090.jpg,1
image_03558.jpg,71
image_01507.jpg,43
image_04693.jpg,47
image_06054.jpg,13
image_02662.jpg,57
image_01590.jpg,81
image_01130.jpg,45
image_02524.jpg,75
image_07629.jpg,95
image_00747.jpg,88
image_02828.jpg,55
image_02668.jpg,57
image_02803.jpg,55
image_08060.jpg,90
image_02149.jpg,74
image_03828.jpg,16
image_05975.jpg,68
image_07351.jpg,93
image_01794.jpg,82
image_01549.jpg,43
image_04974.jpg,46
image_04220.jpg,51
image_05127.jpg,1
image_04490.jpg,70
image_05212.jpg,27
image_01901.jpg,77
image_08159.jpg,61
image_04646.jpg,47
image_05600.jpg,31
image_01166.jpg,73
image_02139.jpg,74
image_02235.jpg,40
image_03816.jpg,36
image_07758.jpg,97
image_04136.jpg,28
image_02074.jpg,74
image_03767.jpg,36
image_06601.jpg,24
image_02199.jpg,40
image_08144.jpg,56
image_06327.jpg,49
image_07410.jpg,93
image_01526.jpg,43
image_05964.jpg,68
image_00623.jpg,88
image_01789.jpg,82
image_03104.jpg,10
image_06717.jpg,78
image_01320.jpg,50
image_03328.jpg,7
image_04774.jpg,84
image_06669.jpg,15
image_01067.jpg,45
image_07580.jpg,94
image_04911.jpg,19
image_07313.jpg,93
image_07706.jpg,96
image_06320.jpg,49
image_05006.jpg,46
image_08100.jpg,6
image_03147.jpg,10
image_00793.jpg,80
image_05899.jpg,62
image_04045.jpg,11
image_01729.jpg,82
image_02683.jpg,57
image_07089.jpg,9
image_01751.jpg,82
image_07246.jpg,56
image_06627.jpg,2
image_02327.jpg,42
image_07598.jpg,95
image_02217.jpg,40
image_06803.jpg,20
image_01124.jpg,45
image_02017.jpg,79
image_04532.jpg,70
image_03254.jpg,64
image_07961.jpg,100
image_04377.jpg,35
image_07335.jpg,93
image_03636.jpg,71
image_06935.jpg,33
image_01185.jpg,73
image_04972.jpg,46
image_06345.jpg,49
image_04631.jpg,47
image_04668.jpg,47
image_00050.jpg,76
image_03606.jpg,71
image_04453.jpg,89
image_04686.jpg,47
image_03334.jpg,7
image_03876.jpg,16
image_01077.jpg,45
image_01264.jpg,73
image_03553.jpg,71
image_05213.jpg,27
image_02135.jpg,74
image_06846.jpg,23
image_03602.jpg,71
image_00302.jpg,72
image_01966.jpg,79
image_01539.jpg,43
image_04497.jpg,70
image_07467.jpg,94
image_07025.jpg,38
image_04009.jpg,11
image_01110.jpg,45
image_02315.jpg,40
image_08148.jpg,56
image_07994.jpg,100
image_06360.jpg,14
image_02498.jpg,75
image_00916.jpg,80
image_07521.jpg,94
image_03812.jpg,36
image_05643.jpg,3
image_06960.jpg,33
image_05978.jpg,68
image_00428.jpg,72
image_03338.jpg,7
image_00449.jpg,87
image_04483.jpg,70
image_07290.jpg,36
image_04817.jpg,84
image_05067.jpg,58
image_03177.jpg,10
image_05573.jpg,65
image_04981.jpg,46
image_04395.jpg,35
image_06979.jpg,34
image_01379.jpg,50
image_04181.jpg,51
image_04871.jpg,90
image_03961.jpg,50
image_03258.jpg,64
image_01944.jpg,77
image_04828.jpg,84
image_06267.jpg,60
image_07955.jpg,100
image_04233.jpg,51
image_02844.jpg,55
image_00704.jpg,88
image_06016.jpg,92
image_01308.jpg,73
image_01919.jpg,77
image_03919.jpg,50
image_03887.jpg,16
image_02131.jpg,74
image_04976.jpg,46
image_01472.jpg,50
image_02227.jpg,40
image_06765.jpg,0
image_06903.jpg,30
image_05861.jpg,62
image_01667.jpg,81
image_03274.jpg,64
image_01998.jpg,79
image_05579.jpg,65
image_02411.jpg,42
image_01985.jpg,79
image_08073.jpg,30
image_00913.jpg,80
image_01391.jpg,50
image_03842.jpg,16
image_02326.jpg,42
image_05734.jpg,41
image_00402.jpg,72
image_01671.jpg,81
image_02618.jpg,83
image_03934.jpg,50
image_03857.jpg,16
image_04467.jpg,89
image_02656.jpg,57
image_03583.jpg,71
image_06766.jpg,0
image_02146.jpg,74
image_07686.jpg,96
image_08112.jpg,92
image_01618.jpg,81
image_03604.jpg,71
image_04657.jpg,47
image_04415.jpg,89
image_00387.jpg,72
image_05824.jpg,37
image_07897.jpg,99
image_06964.jpg,33
image_01662.jpg,81
image_05348.jpg,21
image_07352.jpg,93
image_03644.jpg,52
image_02538.jpg,75
image_05612.jpg,31
image_06202.jpg,48
image_06727.jpg,78
image_03409.jpg,22
image_03756.jpg,36
image_01279.jpg,73
image_01405.jpg,50
image_06812.jpg,20
image_00057.jpg,76
image_00347.jpg,72
image_06593.jpg,24
image_08059.jpg,90
image_02883.jpg,85
image_04358.jpg,35
image_05666.jpg,3
image_01788.jpg,82
image_01829.jpg,77
image_03386.jpg,22
image_00161.jpg,76
image_06796.jpg,20
image_02930.jpg,59
image_02481.jpg,75
image_05046.jpg,58
image_01001.jpg,45
image_06578.jpg,24
image_03969.jpg,50
image_03355.jpg,7
image_01631.jpg,81
image_04794.jpg,84
image_03653.jpg,52
image_04318.jpg,17
image_05778.jpg,12
image_06182.jpg,18
image_02970.jpg,59
image_07878.jpg,98
image_07245.jpg,56
image_02912.jpg,85
image_08141.jpg,56
image_05485.jpg,86
image_02578.jpg,83
image_05789.jpg,12
image_03582.jpg,71
image_00680.jpg,88
image_06533.jpg,49
image_02659.jpg,57
image_00250.jpg,76
image_01483.jpg,50
image_06663.jpg,15
image_03547.jpg,71
image_02606.jpg,83
image_03841.jpg,16
image_07282.jpg,61
image_07366.jpg,93
image_06752.jpg,0
image_04441.jpg,89
image_06738.jpg,0
image_00856.jpg,80
image_06292.jpg,60
image_00899.jpg,80
image_05657.jpg,3
image_02361.jpg,42
image_05328.jpg,69
image_01976.jpg,79
image_02365.jpg,42
image_06168.jpg,18
image_06711.jpg,78
image_05052.jpg,58
image_01863.jpg,77
image_00630.jpg,88
image_05258.jpg,27
image_07547.jpg,94
image_02737.jpg,57
image_04222.jpg,51
image_04119.jpg,28
image_02631.jpg,83
image_02714.jpg,57
image_07184.jpg,5
image_05988.jpg,68
image_01181.jpg,73
image_00232.jpg,76
image_07927.jpg,99
image_05504.jpg,86
image_01805.jpg,82
image_02722.jpg,57
image_05553.jpg,65
image_01360.jpg,50
image_05043.jpg,58
image_05241.jpg,27
image_03616.jpg,71
image_03123.jpg,10
image_01603.jpg,81
image_07130.jpg,44
image_01741.jpg,82
image_06011.jpg,92
image_05499.jpg,86
image_01355.jpg,50
image_07416.jpg,93
image_04207.jpg,51
image_02276.jpg,40
image_05430.jpg,53
image_07329.jpg,93
image_00832.jpg,80
image_04874.jpg,90
image_00457.jpg,87
image_03127.jpg,10
image_02426.jpg,42
image_03024.jpg,59
image_04299.jpg,17
image_07004.jpg,34
image_00039.jpg,76
image_03520.jpg,29
image_01757.jpg,82
image_05591.jpg,31
image_03457.jpg,22
image_04537.jpg,70
image_05331.jpg,69
image_07018.jpg,38
image_03626.jpg,71
image_04124.jpg,28
image_00020.jpg,76
image_01208.jpg,73
image_05164.jpg,4
image_00031.jpg,76
image_05302.jpg,69
image_01948.jpg,77
image_03462.jpg,29
image_02766.jpg,55
image_04785.jpg,84
image_00568.jpg,87
image_02200.jpg,40
image_01017.jpg,45
image_05685.jpg,41
image_05161.jpg,4
image_05135.jpg,1
image_06947.jpg,33
image_07072.jpg,66
image_01930.jpg,77
image_01096.jpg,45
image_00919.jpg,80
image_06575.jpg,24
image_02548.jpg,75
image_00207.jpg,76
image_06207.jpg,48
image_07983.jpg,100
image_05133.jpg,1
image_04365.jpg,35
image_05179.jpg,4
image_07659.jpg,95
image_02448.jpg,75
image_05116.jpg,1
image_06477.jpg,32
image_06630.jpg,2
image_00892.jpg,80
image_07682.jpg,95
image_06705.jpg,78
image_05174.jpg,4
image_07323.jpg,93
image_04024.jpg,11
image_07210.jpg,6
image_07314.jpg,93
image_03151.jpg,10
image_08018.jpg,101
image_04010.jpg,11
image_06836.jpg,23
image_01694.jpg,81
image_02377.jpg,42
image_04728.jpg,54
image_03686.jpg,52
image_05255.jpg,27
image_05044.jpg,58
image_00572.jpg,87
image_04624.jpg,39
image_04782.jpg,84
image_07418.jpg,93
image_02975.jpg,59
image_02925.jpg,59
image_03947.jpg,50
image_00420.jpg,72
image_03614.jpg,71
image_07844.jpg,98
image_05357.jpg,21
image_04300.jpg,17
image_02352.jpg,42
image_03374.jpg,22
image_06832.jpg,23
image_06082.jpg,13
image_03817.jpg,36
image_01722.jpg,82
image_02512.jpg,75
image_02965.jpg,59
image_00620.jpg,88
image_05632.jpg,3
image_03472.jpg,29
image_01310.jpg,73
image_03458.jpg,22
image_07432.jpg,93
image_03950.jpg,50
image_07053.jpg,66
image_07103.jpg,9
image_05902.jpg,62
image_08170.jpg,61
image_01956.jpg,77
image_06107.jpg,63
image_02753.jpg,55
image_01980.jpg,79
image_00041.jpg,76
image_00952.jpg,45
image_00500.jpg,87
image_07936.jpg,99
image_02355.jpg,42
image_02100.jpg,74
image_00663.jpg,88
image_00639.jpg,88
image_06790.jpg,20
image_03972.jpg,50
image_01897.jpg,77
image_07785.jpg,97
image_02417.jpg,42
image_06209.jpg,48
image_07970.jpg,100
image_07953.jpg,100
image_04610.jpg,39
image_03012.jpg,59
image_06759.jpg,0
image_01146.jpg,73
image_03447.jpg,22
image_07846.jpg,98
image_02306.jpg,40
image_02055.jpg,79
image_04005.jpg,11
image_00320.jpg,72
image_02425.jpg,42
image_00062.jpg,76
image_06807.jpg,20
image_05876.jpg,62
image_07342.jpg,93
image_00247.jpg,76
image_02998.jpg,59
image_00413.jpg,72
image_01312.jpg,73
image_00275.jpg,72
image_03222.jpg,64
image_05747.jpg,12
image_05833.jpg,37
image_03827.jpg,36
image_05398.jpg,21
image_03591.jpg,71
image_03699.jpg,52
image_03002.jpg,59
image_06331.jpg,49
image_03760.jpg,36
image_08157.jpg,61
image_07854.jpg,98
image_06864.jpg,26
image_06434.jpg,8
image_05549.jpg,65
image_07614.jpg,95
image_00546.jpg,87
image_07198.jpg,5
image_03731.jpg,52
image_01977.jpg,79
image_03459.jpg,22
image_04418.jpg,89
image_01550.jpg,43
image_00789.jpg,80
image_05786.jpg,12
image_07250.jpg,56
image_07951.jpg,100
image_07048.jpg,66
image_00226.jpg,76
image_06395.jpg,8
image_04548.jpg,70
image_04709.jpg,54
image_01961.jpg,77
image_01952.jpg,77
image_00185.jpg,76
image_00049.jpg,76
image_05731.jpg,41
image_02445.jpg,42
image_04394.jpg,35
image_00157.jpg,76
image_08130.jpg,56
image_05103.jpg,1
image_04701.jpg,54
image_03461.jpg,29
image_03495.jpg,29
image_02726.jpg,57
image_05859.jpg,62
image_05330.jpg,69
image_00860.jpg,80
image_01235.jpg,73
image_05707.jpg,41
image_03270.jpg,64
image_06070.jpg,13
image_04095.jpg,28
image_06300.jpg,49
image_06414.jpg,8
image_01085.jpg,45
image_07213.jpg,6
image_05340.jpg,21
image_03736.jpg,36
image_00480.jpg,87
image_00244.jpg,76
image_08174.jpg,61
image_01054.jpg,45
image_05973.jpg,68
image_05592.jpg,31
image_03324.jpg,7
image_01456.jpg,50
image_05774.jpg,12
image_01859.jpg,77
image_01636.jpg,81
image_06430.jpg,8
image_01666.jpg,81
image_00825.jpg,80
image_08137.jpg,56
image_00410.jpg,72
image_03470.jpg,29
image_00012.jpg,76
image_02409.jpg,42
image_00635.jpg,88
image_06498.jpg,25
image_06985.jpg,34
image_04020.jpg,11
image_01061.jpg,45
image_06853.jpg,26
image_01099.jpg,45
image_04069.jpg,11
image_01213.jpg,73
image_07234.jpg,56
image_00081.jpg,76
image_01871.jpg,77
image_04858.jpg,90
image_02670.jpg,57
image_04113.jpg,28
image_02513.jpg,75
image_07768.jpg,97
image_04975.jpg,46
image_01993.jpg,79
image_05227.jpg,27
image_01895.jpg,77
image_06115.jpg,63
image_07587.jpg,94
image_06534.jpg,49
image_03112.jpg,10
image_05229.jpg,27
image_00586.jpg,87
image_00284.jpg,72
image_06596.jpg,24
image_04286.jpg,17
image_02163.jpg,74
image_04311.jpg,17
image_06396.jpg,8
image_07868.jpg,98
image_07794.jpg,97
image_05021.jpg,58
image_03654.jpg,52
image_04594.jpg,39
image_03789.jpg,36
image_00701.jpg,88
image_06041.jpg,92
image_06595.jpg,24
image_03343.jpg,7
image_07395.jpg,93
image_01763.jpg,82
image_06429.jpg,8
image_06602.jpg,24
image_02334.jpg,42
image_05233.jpg,27
image_03652.jpg,52
image_02418.jpg,42
image_05051.jpg,58
image_02576.jpg,83
image_04027.jpg,11
image_02539.jpg,75
image_01102.jpg,45
image_03353.jpg,7
image_00182.jpg,76
image_07358.jpg,93
image_04328.jpg,35
image_04025.jpg,11
image_02847.jpg,55
image_00937.jpg,80
image_01809.jpg,82
image_02752.jpg,57
image_07311.jpg,93
image_06247.jpg,60
image_00895.jpg,80
image_00136.jpg,76
image_05936.jpg,67
image_03814.jpg,36
image_06099.jpg,63
image_04232.jpg,51
image_02318.jpg,42
image_04736.jpg,54
image_00964.jpg,45
image_06707.jpg,78
image_01465.jpg,50
image_00297.jpg,72
image_05272.jpg,27
image_01057.jpg,45
image_03464.jpg,29
image_08129.jpg,56
image_08091.jpg,9
image_00744.jpg,88
image_04167.jpg,51
image_01571.jpg,43
image_01363.jpg,50
image_02196.jpg,40
image_02319.jpg,42
image_07887.jpg,98
image_06346.jpg,14
image_05326.jpg,69
image_00153.jpg,76
image_02826.jpg,55
image_01157.jpg,73
image_03912.jpg,16
image_02212.jpg,40
image_06114.jpg,63
image_01296.jpg,73
image_02865.jpg,85
image_05937.jpg,67
image_02176.jpg,74
image_05073.jpg,58
image_06635.jpg,2
image_01987.jpg,79
image_04168.jpg,51
image_07593.jpg,94
image_02621.jpg,83
image_04643.jpg,47
image_01935.jpg,77
image_02112.jpg,74
image_06530.jpg,49
image_00961.jpg,45
image_02401.jpg,42
image_06251.jpg,60
image_00876.jpg,80
image_01668.jpg,81
image_02996.jpg,59
image_05955.jpg,67
image_02911.jpg,85
image_05441.jpg,53
image_06886.jpg,26
image_06590.jpg,24
image_06056.jpg,13
image_04959.jpg,46
image_01283.jpg,73
image_07797.jpg,97
image_03672.jpg,52
image_00617.jpg,88
image_04019.jpg,11
image_04888.jpg,90
image_00399.jpg,72
image_05708.jpg,41
image_07553.jpg,94
image_04850.jpg,90
image_03148.jpg,10
image_02738.jpg,57
image_00610.jpg,88
image_07444.jpg,93
image_07712.jpg,96
image_07268.jpg,61
image_01732.jpg,82
image_06230.jpg,48
image_06660.jpg,15
image_03394.jpg,22
image_07929.jpg,99
image_01019.jpg,45
image_03385.jpg,22
image_01844.jpg,77
image_06347.jpg,14
image_07430.jpg,93
image_01221.jpg,73
image_00472.jpg,87
image_05370.jpg,21
image_04188.jpg,51
image_02958.jpg,59
image_02862.jpg,85
image_06722.jpg,78
image_07873.jpg,98
image_00707.jpg,88
image_04928.jpg,19
image_04503.jpg,70
image_04301.jpg,17
image_06263.jpg,60
image_07091.jpg,9
image_06991.jpg,34
image_03443.jpg,22
image_06010.jpg,68
image_03218.jpg,64
image_00708.jpg,88
image_07459.jpg,93
image_07945.jpg,100
image_06543.jpg,49
image_03262.jpg,64
image_00774.jpg,88
image_04676.jpg,47
image_02867.jpg,85
image_01429.jpg,50
image_07026.jpg,38
image_04900.jpg,19
image_05712.jpg,41
image_03740.jpg,36
image_00217.jpg,76
image_01098.jpg,45
image_01730.jpg,82
image_04752.jpg,54
image_06955.jpg,33
image_07055.jpg,66
image_06463.jpg,32
image_06922.jpg,30
image_06081.jpg,13
image_05453.jpg,53
image_05175.jpg,4
image_04798.jpg,84
image_04347.jpg,35
image_02652.jpg,57
image_02405.jpg,42
image_02812.jpg,55
image_02313.jpg,40
image_00009.jpg,76
image_06473.jpg,32
image_04234.jpg,51
image_00930.jpg,80
image_06645.jpg,2
image_02036.jpg,79
image_04102.jpg,28
image_03658.jpg,52
image_06095.jpg,13
image_07112.jpg,9
image_01715.jpg,82
image_05644.jpg,3
image_00864.jpg,80
image_02843.jpg,55
image_04544.jpg,70
image_06822.jpg,23
image_02556.jpg,83
image_02917.jpg,85
image_06066.jpg,13
image_00269.jpg,72
image_00814.jpg,80
image_07083.jpg,66
image_03729.jpg,52
image_02584.jpg,83
image_00969.jpg,45
image_02340.jpg,42
image_03526.jpg,29
image_01910.jpg,77
image_06649.jpg,2
image_06461.jpg,32
image_02455.jpg,75
image_01000.jpg,45
image_03577.jpg,71
image_04696.jpg,54
image_03260.jpg,64
image_07910.jpg,99
image_07176.jpg,5
image_03768.jpg,36
image_08155.jpg,61
image_03136.jpg,10
image_02238.jpg,40
image_03623.jpg,71
image_00538.jpg,87
image_04520.jpg,70
image_01395.jpg,50
image_03930.jpg,50
image_03655.jpg,52
image_02118.jpg,74
image_01896.jpg,77
image_05350.jpg,21
image_02058.jpg,79
image_01578.jpg,43
image_00021.jpg,76
image_05277.jpg,27
image_04880.jpg,90
image_02269.jpg,40
image_03241.jpg,64
image_04609.jpg,39
image_04647.jpg,47
image_04523.jpg,70
image_03909.jpg,16
image_02095.jpg,74
image_01427.jpg,50
image_02833.jpg,55
image_03692.jpg,52
image_07892.jpg,98
image_05218.jpg,27
image_02056.jpg,79
image_03033.jpg,91
image_02620.jpg,83
image_06465.jpg,32
image_04107.jpg,28
image_06667.jpg,15
image_03283.jpg,64
image_05943.jpg,67
image_07984.jpg,100
image_04419.jpg,89
image_03690.jpg,52
image_00164.jpg,76
image_01180.jpg,73
image_07349.jpg,93
image_05091.jpg,1
image_00230.jpg,76
image_04712.jpg,54
image_04990.jpg,46
image_05891.jpg,62
image_02421.jpg,42
image_00526.jpg,87
image_06779.jpg,20
image_02103.jpg,74
image_06432.jpg,8
image_03903.jpg,16
image_05718.jpg,41
image_01071.jpg,45
image_03505.jpg,29
image_05288.jpg,69
image_05698.jpg,41
image_03931.jpg,50
image_04678.jpg,47
image_08166.jpg,61
image_02521.jpg,75
image_05354.jpg,21
image_04368.jpg,35
image_07049.jpg,66
image_06510.jpg,25
image_06769.jpg,0
image_02129.jpg,74
image_05074.jpg,58
image_02516.jpg,75
image_03954.jpg,50
image_03896.jpg,16
image_07640.jpg,95
image_07138.jpg,44
image_07203.jpg,6
image_02949.jpg,59
image_02961.jpg,59
image_00189.jpg,76
image_03356.jpg,7
image_04350.jpg,35
image_02080.jpg,74
image_05322.jpg,69
image_06394.jpg,14
image_04514.jpg,70
image_00717.jpg,88
image_01941.jpg,77
image_05225.jpg,27
image_02557.jpg,83
image_05082.jpg,58
image_06555.jpg,49
image_05739.jpg,41
image_06007.jpg,68
image_00405.jpg,72
image_06633.jpg,2
image_03562.jpg,71
image_07841.jpg,98
image_00139.jpg,76
image_01801.jpg,82
image_01561.jpg,43
image_07284.jpg,88
image_02385.jpg,42
image_03685.jpg,52
image_07551.jpg,94
image_07589.jpg,94
image_08082.jpg,87
image_02746.jpg,57
image_03502.jpg,29
image_07597.jpg,95
image_04360.jpg,35
image_05005.jpg,46
image_04294.jpg,17
image_06577.jpg,24
image_05510.jpg,86
image_03557.jpg,71
image_05436.jpg,53
image_04378.jpg,35
image_04417.jpg,89
image_02880.jpg,85
image_04137.jpg,28
image_06898.jpg,30
image_03559.jpg,71
image_05548.jpg,65
image_01178.jpg,73
image_07937.jpg,99
image_07813.jpg,97
image_05547.jpg,65
image_08035.jpg,101
image_06919.jpg,30
image_06757.jpg,0
image_07932.jpg,99
image_03368.jpg,7
image_03015.jpg,59
image_06276.jpg,60
image_02107.jpg,74
image_01486.jpg,50
image_04973.jpg,46
image_00735.jpg,88
image_01121.jpg,45
image_07575.jpg,94
image_04146.jpg,28
image_08156.jpg,61
image_06941.jpg,33
image_08051.jpg,23
image_05426.jpg,53
image_05689.jpg,41
image_07101.jpg,9
image_04073.jpg,11
image_02381.jpg,42
image_06273.jpg,60
image_02485.jpg,75
image_02525.jpg,75
image_05622.jpg,31
image_06772.jpg,0
image_02128.jpg,74
image_04154.jpg,28
image_06502.jpg,25
image_01734.jpg,82
image_03893.jpg,16
image_03770.jpg,36
image_06441.jpg,32
image_01050.jpg,45
image_03376.jpg,22
image_05128.jpg,1
image_02907.jpg,85
image_05924.jpg,67
image_03778.jpg,36
image_03521.jpg,29
image_04033.jpg,11
image_06455.jpg,32
image_00316.jpg,72
image_04431.jpg,89
image_02951.jpg,59
image_08118.jpg,56
image_00393.jpg,72
image_02705.jpg,57
image_06874.jpg,26
image_06165.jpg,18
image_02015.jpg,79
image_02579.jpg,83
image_00986.jpg,45
image_07341.jpg,93
image_04634.jpg,47
image_08175.jpg,61
image_07695.jpg,96
image_01926.jpg,77
image_01317.jpg,50
image_04494.jpg,70
image_03943.jpg,50
image_03276.jpg,64
image_06314.jpg,49
image_01162.jpg,73
image_03032.jpg,91
image_01679.jpg,81
image_00276.jpg,72
image_03109.jpg,10
image_00188.jpg,76
image_06058.jpg,13
image_03590.jpg,71
image_03061.jpg,91
image_04853.jpg,90
image_06489.jpg,25
image_03114.jpg,10
image_07392.jpg,93
image_06936.jpg,33
image_03554.jpg,71
image_05634.jpg,3
image_00100.jpg,76
image_02150.jpg,74
image_03090.jpg,91
image_06313.jpg,49
image_07714.jpg,96
image_03640.jpg,71
image_04726.jpg,54
image_07431.jpg,93
image_04164.jpg,51
image_02039.jpg,79
image_03761.jpg,36
image_04359.jpg,35
image_03296.jpg,7
image_05506.jpg,86
image_01255.jpg,73
image_02954.jpg,59
image_00995.jpg,45
image_02887.jpg,85
image_05261.jpg,27
image_00120.jpg,76
image_00806.jpg,80
image_02020.jpg,79
image_03490.jpg,29
image_04650.jpg,47
image_01566.jpg,43
image_01142.jpg,45
image_03460.jpg,29
image_01501.jpg,43
image_04096.jpg,28
image_07420.jpg,93
image_03045.jpg,91
image_02237.jpg,40
image_02946.jpg,59
image_07563.jpg,94
image_01635.jpg,81
image_07221.jpg,6
image_03503.jpg,29
image_05729.jpg,41
image_07754.jpg,97
image_02832.jpg,55
image_08113.jpg,92
image_00061.jpg,76
image_03165.jpg,10
image_04946.jpg,19
image_05867.jpg,62
image_04143.jpg,28
image_00325.jpg,72
image_03073.jpg,91
image_07481.jpg,94
image_06450.jpg,32
image_03703.jpg,52
image_02207.jpg,40
image_04860.jpg,90
image_02144.jpg,74
image_05784.jpg,12
image_01042.jpg,45
image_02727.jpg,57
image_02894.jpg,85
image_07480.jpg,94
image_02259.jpg,40
image_01534.jpg,43
image_04607.jpg,39
image_03088.jpg,91
image_00327.jpg,72
image_07780.jpg,97
image_07795.jpg,97
image_05862.jpg,62
image_03571.jpg,71
image_04835.jpg,90
image_01622.jpg,81
image_00791.jpg,80
image_01365.jpg,50
image_01047.jpg,45
image_05380.jpg,21
image_05196.jpg,4
image_03433.jpg,22
image_03234.jpg,64
image_01469.jpg,50
image_04966.jpg,46
image_02743.jpg,57
image_04876.jpg,90
image_05382.jpg,21
image_07769.jpg,97
image_07417.jpg,93
image_01018.jpg,45
image_04317.jpg,17
image_04465.jpg,89
image_03069.jpg,91
image_05265.jpg,27
image_03544.jpg,29
image_01120.jpg,45
image_02817.jpg,55
image_04356.jpg,35
image_05182.jpg,4
image_08005.jpg,101
image_04110.jpg,28
image_03748.jpg,36
image_00328.jpg,72
image_00548.jpg,87
image_00683.jpg,88
image_05228.jpg,27
image_02830.jpg,55
image_00253.jpg,72
image_07848.jpg,98
image_04808.jpg,84
image_04675.jpg,47
image_03034.jpg,91
image_04642.jpg,47
image_02985.jpg,59
image_06417.jpg,8
image_06525.jpg,25
image_00749.jpg,88
image_06810.jpg,20
image_06953.jpg,33
image_04585.jpg,39
image_02725.jpg,57
image_06468.jpg,32
image_01432.jpg,50
image_02546.jpg,75
image_01687.jpg,81
image_01593.jpg,81
image_01383.jpg,50
image_01474.jpg,50
image_00191.jpg,76
image_02536.jpg,75
image_07192.jpg,5
image_02486.jpg,75
image_07760.jpg,97
image_01889.jpg,77
image_03541.jpg,29
image_05877.jpg,62
image_02023.jpg,79
image_00456.jpg,87
image_03718.jpg,52
image_05056.jpg,58
image_03932.jpg,50
image_02956.jpg,59
image_05138.jpg,1
image_04897.jpg,19
image_03389.jpg,22
image_01100.jpg,45
image_01256.jpg,73
image_07759.jpg,97
image_01471.jpg,50
image_03028.jpg,59
image_03207.jpg,64
image_06162.jpg,18
image_00498.jpg,87
image_05333.jpg,69
image_06726.jpg,78
image_06750.jpg,0
image_03938.jpg,50
image_03926.jpg,50
image_08000.jpg,101
image_07699.jpg,96
image_03167.jpg,10
image_06994.jpg,34
image_06154.jpg,18
image_08111.jpg,5
image_02339.jpg,42
image_01470.jpg,50
image_06950.jpg,33
image_00725.jpg,88
image_05167.jpg,4
image_01331.jpg,50
image_05837.jpg,37
image_00208.jpg,76
image_06008.jpg,68
image_01371.jpg,50
image_00618.jpg,88
image_04461.jpg,89
image_07321.jpg,93
image_07509.jpg,94
image_01706.jpg,82
image_07208.jpg,6
image_02467.jpg,75
image_07201.jpg,6
image_06365.jpg,14
image_02824.jpg,55
image_08081.jpg,38
image_04767.jpg,84
image_07938.jpg,99
image_00581.jpg,87
image_04499.jpg,70
image_00785.jpg,80
image_03001.jpg,59
image_02850.jpg,55
image_04021.jpg,11
image_06521.jpg,25
image_02119.jpg,74
image_05236.jpg,27
image_02395.jpg,42
image_07500.jpg,94
image_02593.jpg,83
image_07822.jpg,97
image_04572.jpg,39
image_00713.jpg,88
image_06900.jpg,30
image_02490.jpg,75
image_07389.jpg,93
image_02376.jpg,42
image_02447.jpg,75
image_06894.jpg,30
image_00685.jpg,88
image_05856.jpg,62
image_04407.jpg,89
image_07959.jpg,100
image_00008.jpg,76
image_01230.jpg,73
image_00077.jpg,76
image_04450.jpg,89
image_06328.jpg,49
image_03009.jpg,59
image_07386.jpg,93
image_05939.jpg,67
image_02566.jpg,83
image_00394.jpg,72
image_02024.jpg,79
image_07156.jpg,44
image_01721.jpg,82
image_03836.jpg,16
image_05063.jpg,58
image_06611.jpg,24
image_04145.jpg,28
image_06592.jpg,24
image_03312.jpg,7
image_04084.jpg,28
image_04512.jpg,70
image_06304.jpg,49
image_01051.jpg,45
image_01909.jpg,77
image_03075.jpg,91
image_01280.jpg,73
image_04632.jpg,47
image_06087.jpg,13
image_00863.jpg,80
image_06927.jpg,30
image_01065.jpg,45
image_04190.jpg,51
image_03580.jpg,71
image_03173.jpg,10
image_01153.jpg,73
image_04552.jpg,70
image_01087.jpg,45
image_08050.jpg,23
image_00376.jpg,72
image_07604.jpg,95
image_00835.jpg,80
image_02829.jpg,55
image_04846.jpg,90
image_04757.jpg,54
image_07536.jpg,94
image_00908.jpg,80
image_07379.jpg,93
image_02052.jpg,79
image_05095.jpg,1
image_05131.jpg,1
image_04901.jpg,19
image_05498.jpg,86
image_04111.jpg,28
image_02099.jpg,74
image_01111.jpg,45
image_01344.jpg,50
image_01041.jpg,45
image_05850.jpg,62
image_04015.jpg,11
image_03399.jpg,22
image_06109.jpg,63
image_06854.jpg,26
image_04878.jpg,90
image_00582.jpg,87
image_04857.jpg,90
image_07972.jpg,100
image_06672.jpg,15
image_04290.jpg,17
image_04720.jpg,54
image_06090.jpg,13
image_07784.jpg,97
image_07799.jpg,97
image_07121.jpg,9
image_02815.jpg,55
image_03907.jpg,16
image_01879.jpg,77
image_07630.jpg,95
image_00300.jpg,72
image_05173.jpg,4
image_06197.jpg,18
image_04923.jpg,19
image_01339.jpg,50
image_06127.jpg,63
image_03818.jpg,36
image_06412.jpg,8
image_03043.jpg,91
image_01903.jpg,77
image_00337.jpg,72
image_03209.jpg,64
image_06146.jpg,63
image_06409.jpg,8
image_07728.jpg,96
image_04081.jpg,28
image_04270.jpg,17
image_06101.jpg,63
image_06145.jpg,63
image_07788.jpg,97
image_04963.jpg,46
image_06923.jpg,30
image_05514.jpg,86
image_03875.jpg,16
image_04522.jpg,70
image_01579.jpg,43
image_01690.jpg,81
image_05147.jpg,4
image_01276.jpg,73
image_06244.jpg,48
image_01239.jpg,73
image_02167.jpg,74
image_01357.jpg,50
image_04743.jpg,54
image_01104.jpg,45
image_05189.jpg,4
image_04004.jpg,11
image_00871.jpg,80
image_00318.jpg,72
image_05395.jpg,21
image_02347.jpg,42
image_05636.jpg,3
image_02028.jpg,79
image_02440.jpg,42
image_02283.jpg,40
image_07503.jpg,94
image_04770.jpg,84
image_00539.jpg,87
image_07099.jpg,9
image_04734.jpg,54
image_04077.jpg,11
image_01951.jpg,77
image_06125.jpg,63
image_03418.jpg,22
image_06086.jpg,13
image_01161.jpg,73
image_02595.jpg,83
image_03885.jpg,16
image_02601.jpg,83
image_02633.jpg,83
image_03762.jpg,36
image_06598.jpg,24
image_06297.jpg,49
image_06739.jpg,0
image_07390.jpg,93
image_05162.jpg,4
image_06481.jpg,32
image_01030.jpg,45
image_03936.jpg,50
image_05771.jpg,12
image_03037.jpg,91
image_00738.jpg,88
image_03237.jpg,64
image_02278.jpg,40
image_00739.jpg,88
image_05114.jpg,1
image_00750.jpg,88
image_04275.jpg,17
image_01564.jpg,43
image_02891.jpg,85
image_04758.jpg,54
image_03734.jpg,36
image_07790.jpg,97
image_03110.jpg,10
image_00959.jpg,45
image_06172.jpg,18
image_07180.jpg,5
image_00678.jpg,88
image_01358.jpg,50
image_06548.jpg,49
image_02394.jpg,42
image_05486.jpg,86
image_03367.jpg,7
image_01665.jpg,81
image_06863.jpg,26
image_01797.jpg,82
image_06930.jpg,33
image_07385.jpg,93
image_00155.jpg,76
image_07045.jpg,38
image_04738.jpg,54
image_00448.jpg,87
image_05619.jpg,31
image_00183.jpg,76
image_02750.jpg,57
image_00742.jpg,88
image_04291.jpg,17
image_00537.jpg,87
image_01748.jpg,82
image_02882.jpg,85
image_06024.jpg,92
image_02404.jpg,42
image_03412.jpg,22
image_02703.jpg,57
image_02888.jpg,85
image_05237.jpg,27
image_01349.jpg,50
image_05375.jpg,21
image_02064.jpg,79
image_02345.jpg,42
image_05087.jpg,1
image_05901.jpg,62
image_07720.jpg,96
image_03732.jpg,52
image_00565.jpg,87
image_00453.jpg,87
image_03821.jpg,36
image_05890.jpg,62
image_02717.jpg,57
image_00571.jpg,87
image_01440.jpg,50
image_01719.jpg,82
image_02063.jpg,79
image_04516.jpg,70
image_04541.jpg,70
image_07893.jpg,99
image_03125.jpg,10
image_05952.jpg,67
image_01415.jpg,50
image_07129.jpg,44
image_03289.jpg,7
image_01183.jpg,73
image_00974.jpg,45
image_04599.jpg,39
image_05385.jpg,21
image_00146.jpg,76
image_06241.jpg,48
image_05338.jpg,69
image_03914.jpg,50
image_01570.jpg,43
image_06532.jpg,49
image_06811.jpg,20
image_05412.jpg,53
image_06564.jpg,49
image_04172.jpg,51
image_07306.jpg,93
image_05110.jpg,1
image_01516.jpg,43
image_01787.jpg,82
image_02520.jpg,75
image_00154.jpg,76
image_02025.jpg,79
image_05881.jpg,62
image_04815.jpg,84
image_07658.jpg,95
image_03826.jpg,36
image_03642.jpg,52
image_00775.jpg,88
image_01361.jpg,50
image_01995.jpg,79
image_03128.jpg,10
image_03973.jpg,50
image_04783.jpg,84
image_01717.jpg,82
image_02821.jpg,55
image_04383.jpg,35
image_03022.jpg,59
image_06135.jpg,63
image_03313.jpg,7
image_04765.jpg,54
image_07212.jpg,6
image_06236.jpg,48
image_07065.jpg,66
image_06758.jpg,0
image_01318.jpg,50
image_05999.jpg,68
image_03777.jpg,36
image_04829.jpg,90
image_04592.jpg,39
image_02553.jpg,83
image_07002.jpg,34
image_00511.jpg,87
image_06105.jpg,63
image_01554.jpg,43
image_06536.jpg,49
image_05156.jpg,4
image_04214.jpg,51
image_03717.jpg,52
image_02382.jpg,42
image_05618.jpg,31
image_07255.jpg,56
image_02658.jpg,57
image_06112.jpg,63
image_05503.jpg,86
image_06219.jpg,48
image_04957.jpg,46
image_03666.jpg,52
image_00536.jpg,87
image_05907.jpg,67
image_01695.jpg,81
image_05702.jpg,41
image_01531.jpg,43
image_05118.jpg,1
image_00386.jpg,72
image_06858.jpg,26
image_05365.jpg,21
image_02811.jpg,55
image_05714.jpg,41
image_04510.jpg,70
image_01586.jpg,81
image_04112.jpg,28
image_03395.jpg,22
image_00224.jpg,76
image_05993.jpg,68
image_00446.jpg,87
image_00013.jpg,76
image_00570.jpg,87
image_07076.jpg,66
image_05885.jpg,62
image_05054.jpg,58
image_00615.jpg,88
image_04574.jpg,39
image_03967.jpg,50
image_03438.jpg,22
image_07680.jpg,95
image_02522.jpg,75
image_05478.jpg,86
image_05808.jpg,37
image_04493.jpg,70
image_06835.jpg,23
image_01244.jpg,73
image_07877.jpg,98
image_06518.jpg,25
image_08128.jpg,56
image_05435.jpg,53
image_07753.jpg,97
image_06043.jpg,92
image_01814.jpg,82
image_05373.jpg,21
image_05810.jpg,37
image_04551.jpg,70
image_02598.jpg,83
image_07205.jpg,6
image_08052.jpg,23
image_06354.jpg,14
image_05356.jpg,21
image_00421.jpg,72
image_00977.jpg,45
image_01114.jpg,45
image_03227.jpg,64
image_07141.jpg,44
image_00733.jpg,88
image_08164.jpg,61
image_01193.jpg,73
image_01113.jpg,45
image_07555.jpg,94
image_05346.jpg,21
image_07469.jpg,94
image_04848.jpg,90
image_05070.jpg,58
image_00731.jpg,88
image_07105.jpg,9
image_01010.jpg,45
image_07252.jpg,56
image_07353.jpg,93
image_05746.jpg,12
image_03295.jpg,7
image_03838.jpg,16
image_05353.jpg,21
image_00847.jpg,80
image_03847.jpg,16
image_02800.jpg,55
image_05743.jpg,41
image_05777.jpg,12
image_01373.jpg,50
image_07864.jpg,98
image_07191.jpg,5
image_03291.jpg,7
image_06890.jpg,30
image_05517.jpg,86
image_03516.jpg,29
image_02993.jpg,59
image_06954.jpg,33
image_01833.jpg,77
image_07806.jpg,97
image_02383.jpg,42
image_00145.jpg,76
image_07783.jpg,97
image_05959.jpg,68
image_06119.jpg,63
image_02657.jpg,57
image_04804.jpg,84
image_04391.jpg,35
image_00128.jpg,76
image_04799.jpg,84
image_00257.jpg,72
image_06131.jpg,63
image_02941.jpg,59
image_07963.jpg,100
image_05023.jpg,58
image_00464.jpg,87
image_06421.jpg,8
image_01252.jpg,73
image_04932.jpg,19
image_07856.jpg,98
image_00836.jpg,80
image_05153.jpg,4
image_03299.jpg,7
image_00395.jpg,72
image_05569.jpg,65
image_00486.jpg,87
image_03103.jpg,10
image_02871.jpg,85
image_01366.jpg,50
image_07624.jpg,95
image_04071.jpg,11
image_04623.jpg,39
image_04546.jpg,70
image_07011.jpg,38
image_00499.jpg,87
image_05706.jpg,41
image_02037.jpg,79
image_04697.jpg,54
image_07831.jpg,97
image_07664.jpg,95
image_02945.jpg,59
image_03630.jpg,71
image_00274.jpg,72
image_04349.jpg,35
image_00714.jpg,88
image_07458.jpg,93
image_03995.jpg,11
image_02763.jpg,55
image_05790.jpg,12
image_00741.jpg,88
image_07696.jpg,96
image_02859.jpg,55
image_04332.jpg,35
image_03865.jpg,16
image_04920.jpg,19
image_06337.jpg,49
image_01714.jpg,82
image_08169.jpg,61
image_06483.jpg,32
image_03089.jpg,91
image_07037.jpg,38
image_05325.jpg,69
image_04864.jpg,90
image_02799.jpg,55
image_07214.jpg,6
image_04123.jpg,28
image_01282.jpg,73
image_05665.jpg,3
image_05647.jpg,3
image_01563.jpg,43
image_03038.jpg,91
image_06307.jpg,49
image_03482.jpg,29
image_00613.jpg,88
image_03680.jpg,52
image_01108.jpg,45
image_05321.jpg,69
image_05914.jpg,67
image_01388.jpg,50
image_07304.jpg,93
image_03067.jpg,91
image_03546.jpg,71
image_06002.jpg,68
image_04210.jpg,51
image_04742.jpg,54
image_00488.jpg,87
image_03252.jpg,64
image_06870.jpg,26
image_07032.jpg,38
image_06319.jpg,49
image_00306.jpg,72
image_07999.jpg,100
image_05801.jpg,37
image_07427.jpg,93
image_07546.jpg,94
image_05853.jpg,62
image_04604.jpg,39
image_02764.jpg,55
image_06108.jpg,63
image_08158.jpg,61
image_02084.jpg,74
image_04323.jpg,17
image_04304.jpg,17
image_05565.jpg,65
image_06210.jpg,48
image_07223.jpg,6
image_03426.jpg,22
image_02934.jpg,59
image_06990.jpg,34
image_04573.jpg,39
image_04626.jpg,47
image_00768.jpg,88
image_03574.jpg,71
image_03667.jpg,52
image_03776.jpg,36
image_00158.jpg,76
image_06330.jpg,49
image_06699.jpg,78
image_02571.jpg,83
image_06424.jpg,8
image_03508.jpg,29
image_04581.jpg,39
image_00577.jpg,87
image_01818.jpg,82
image_07154.jpg,44
image_00893.jpg,80
image_06643.jpg,2
image_02075.jpg,74
image_05460.jpg,86
image_00508.jpg,87
image_05757.jpg,12
image_04892.jpg,90
image_06030.jpg,92
image_00423.jpg,72
image_02919.jpg,85
image_01965.jpg,79
image_07496.jpg,94
image_03493.jpg,29
image_07592.jpg,94
image_03877.jpg,16
image_07050.jpg,66
image_04053.jpg,11
image_05284.jpg,69
image_08003.jpg,101
image_03510.jpg,29
image_07115.jpg,9
image_07365.jpg,93
image_06958.jpg,33
image_01949.jpg,77
image_01187.jpg,73
image_06608.jpg,24
image_07787.jpg,97
image_04344.jpg,35
image_00527.jpg,87
image_03787.jpg,36
image_02558.jpg,83
image_01115.jpg,45
image_02434.jpg,42
image_05493.jpg,86
image_03393.jpg,22
image_00505.jpg,87
image_04278.jpg,17
image_06303.jpg,49
image_05674.jpg,3
image_06039.jpg,92
image_07257.jpg,56
image_01080.jpg,45
image_04037.jpg,11
image_05825.jpg,37
image_06383.jpg,14
image_04008.jpg,11
image_00252.jpg,72
image_06603.jpg,24
image_05183.jpg,4
image_02730.jpg,57
image_04269.jpg,17
image_07528.jpg,94
image_02711.jpg,57
image_07537.jpg,94
image_04022.jpg,11
image_02265.jpg,40
image_05059.jpg,58
image_07620.jpg,95
image_01205.jpg,73
image_03048.jpg,91
image_01984.jpg,79
image_05606.jpg,31
image_03633.jpg,71
image_03347.jpg,7
image_03913.jpg,50
image_08177.jpg,61
image_02140.jpg,74
image_07160.jpg,44
image_01462.jpg,50
image_03031.jpg,91
image_05474.jpg,86
image_08024.jpg,101
image_05678.jpg,3
image_02573.jpg,83
image_06907.jpg,30
image_06371.jpg,14
image_00246.jpg,76
image_00331.jpg,72
image_03253.jpg,64
image_06113.jpg,63
image_00330.jpg,72
image_05886.jpg,62
image_03793.jpg,36
image_05888.jpg,62
image_01048.jpg,45
image_07515.jpg,94
image_02282.jpg,40
image_02422.jpg,42
image_02718.jpg,57
image_07258.jpg,56
image_07286.jpg,36
image_04404.jpg,89
image_06474.jpg,32
image_02203.jpg,40
image_04241.jpg,51
image_04988.jpg,46
image_06311.jpg,49
image_08033.jpg,101
image_01659.jpg,81
image_08135.jpg,56
image_06841.jpg,23
image_02044.jpg,79
image_04725.jpg,54
image_02236.jpg,40
image_05159.jpg,4
image_06929.jpg,33
image_07009.jpg,38
image_00554.jpg,87
image_03759.jpg,36
image_00534.jpg,87
image_07450.jpg,93
image_05822.jpg,37
image_05501.jpg,86
image_00450.jpg,87
image_06031.jpg,92
image_02642.jpg,57
image_07584.jpg,94
image_02495.jpg,75
image_02754.jpg,55
image_04819.jpg,84
image_05542.jpg,65
image_02374.jpg,42
image_03406.jpg,22
image_00729.jpg,88
image_07596.jpg,95
image_02004.jpg,79
image_04099.jpg,28
image_06170.jpg,18
image_05727.jpg,41
image_05246.jpg,27
image_04405.jpg,89
image_03560.jpg,71
image_02164.jpg,74
image_05433.jpg,53
image_06763.jpg,0
image_01446.jpg,50
image_07364.jpg,93
image_05289.jpg,69
image_08143.jpg,56
image_00519.jpg,87
image_03267.jpg,64
image_03335.jpg,7
image_02745.jpg,57
image_01946.jpg,77
image_06308.jpg,49
image_00016.jpg,76
image_06861.jpg,26
image_01117.jpg,45
image_03076.jpg,91
image_06378.jpg,14
image_01936.jpg,77
image_03779.jpg,36
image_02007.jpg,79
image_04951.jpg,19
image_07116.jpg,9
image_03099.jpg,10
image_03738.jpg,36
image_06003.jpg,68
image_04063.jpg,11
image_03017.jpg,59
image_06571.jpg,24
image_04255.jpg,17
image_00843.jpg,80
image_05537.jpg,65
image_01499.jpg,43
image_03507.jpg,29
image_03249.jpg,64
image_04691.jpg,47
image_05752.jpg,12
image_01028.jpg,45
image_00801.jpg,80
image_02747.jpg,57
image_02886.jpg,85
image_00483.jpg,87
image_03036.jpg,91
image_00236.jpg,76
image_02664.jpg,57
image_02938.jpg,59
image_04371.jpg,35
image_06426.jpg,8
image_02060.jpg,79
image_02308.jpg,40
image_06153.jpg,18
image_06859.jpg,26
image_03154.jpg,10
image_07320.jpg,93
image_01257.jpg,73
image_03579.jpg,71
image_01656.jpg,81
image_01228.jpg,73
image_03917.jpg,50
image_05815.jpg,37
image_01451.jpg,50
image_07264.jpg,56
image_02124.jpg,74
image_03723.jpg,52
image_07228.jpg,6
image_02081.jpg,74
image_06815.jpg,23
image_05613.jpg,31
image_06996.jpg,34
image_00292.jpg,72
image_05642.jpg,3
image_07719.jpg,96
image_01856.jpg,77
image_06213.jpg,48
image_00868.jpg,80
image_01699.jpg,82
image_07727.jpg,96
image_05445.jpg,53
image_07087.jpg,9
image_06290.jpg,60
image_00982.jpg,45
image_03188.jpg,64
image_03866.jpg,16
image_04338.jpg,35
image_01585.jpg,81
image_05896.jpg,62
image_01584.jpg,81
image_03942.jpg,50
image_06640.jpg,2
image_02243.jpg,40
image_05121.jpg,1
image_03819.jpg,36
image_06029.jpg,92
image_07812.jpg,97
image_02312.jpg,40
image_04487.jpg,70
image_04615.jpg,39
image_00985.jpg,45
image_07134.jpg,44
image_02446.jpg,75
image_04534.jpg,70
image_03859.jpg,16
image_06419.jpg,8
image_01496.jpg,43
image_05098.jpg,1
image_07655.jpg,95
image_06615.jpg,2
image_04824.jpg,84
image_03991.jpg,50
image_01744.jpg,82
image_07803.jpg,97
image_00634.jpg,88
image_03551.jpg,71
image_05759.jpg,12
image_00174.jpg,76
image_04969.jpg,46
image_03489.jpg,29
image_04509.jpg,70
image_06651.jpg,2
image_03232.jpg,64
image_04442.jpg,89
image_06374.jpg,14
image_06359.jpg,14
image_04057.jpg,11
image_02977.jpg,59
image_02677.jpg,57
image_07222.jpg,6
image_05869.jpg,62
image_03351.jpg,7
image_05454.jpg,53
image_04967.jpg,46
image_01568.jpg,43
image_07355.jpg,93
image_01444.jpg,50
image_06877.jpg,26
image_07338.jpg,93
image_06583.jpg,24
image_00065.jpg,76
image_06951.jpg,33
image_05015.jpg,46
image_01599.jpg,81
image_05318.jpg,69
image_06820.jpg,23
image_07964.jpg,100
image_07484.jpg,94
image_00649.jpg,88
image_06479.jpg,32
image_04385.jpg,35
image_05311.jpg,69
image_07108.jpg,9
image_00005.jpg,76
image_06891.jpg,30
image_00493.jpg,87
image_03279.jpg,64
image_03537.jpg,29
image_06984.jpg,34
image_00718.jpg,88
image_07685.jpg,96
image_00853.jpg,80
image_01812.jpg,82
image_07066.jpg,66
image_02534.jpg,75
image_04916.jpg,19
image_02192.jpg,40
image_03513.jpg,29
image_08092.jpg,9
image_01207.jpg,73
image_00194.jpg,76
image_00777.jpg,88
image_06654.jpg,15
image_02067.jpg,79
image_05232.jpg,27
image_02735.jpg,57
image_05207.jpg,4
image_02047.jpg,79
image_03965.jpg,50
image_04692.jpg,47
image_03378.jpg,22
image_07391.jpg,93
image_04918.jpg,19
image_01970.jpg,79
image_01012.jpg,45
image_03354.jpg,7
image_04087.jpg,28
image_00898.jpg,80
image_05027.jpg,58
image_00579.jpg,87
image_07595.jpg,95
image_00842.jpg,80
image_04052.jpg,11
image_03298.jpg,7
image_04429.jpg,89
image_03709.jpg,52
image_04489.jpg,70
image_04775.jpg,84
image_05290.jpg,69
image_07552.jpg,94
image_00171.jpg,76
image_05239.jpg,27
image_05470.jpg,86
image_05664.jpg,3
image_06189.jpg,18
image_02195.jpg,40
image_00056.jpg,76
image_03755.jpg,36
image_04925.jpg,19
image_06719.jpg,78
image_01011.jpg,45
image_05401.jpg,53
image_08076.jpg,30
image_00305.jpg,72
image_03362.jpg,7
image_05165.jpg,4
image_02043.jpg,79
image_00314.jpg,72
image_00569.jpg,87
image_05278.jpg,69
image_04357.jpg,35
image_07090.jpg,9
image_05767.jpg,12
image_01389.jpg,50
image_05920.jpg,67
image_02540.jpg,75
image_05967.jpg,68
image_05490.jpg,86
image_00093.jpg,76
image_03041.jpg,91
image_02600.jpg,83
image_00728.jpg,88
image_06040.jpg,92
image_00841.jpg,80
image_00200.jpg,76
image_00601.jpg,88
image_06440.jpg,8
image_04380.jpg,35
image_05500.jpg,86
image_02400.jpg,42
image_00351.jpg,72
image_01305.jpg,73
image_05690.jpg,41
image_07924.jpg,99
image_05132.jpg,1
image_05055.jpg,58
image_05589.jpg,31
image_01295.jpg,73
image_04700.jpg,54
image_02208.jpg,40
image_08063.jpg,98
image_06352.jpg,14
image_03811.jpg,36
image_01888.jpg,77
image_05245.jpg,27
image_01039.jpg,45
image_03429.jpg,22
image_02232.jpg,40
image_05285.jpg,69
image_00167.jpg,76
image_08034.jpg,101
image_04672.jpg,47
image_00104.jpg,76
image_02145.jpg,74
image_04072.jpg,11
image_08021.jpg,101
image_07104.jpg,9
image_06470.jpg,32
image_05037.jpg,58
image_05704.jpg,41
image_03171.jpg,10
image_02033.jpg,79
image_01932.jpg,77
image_02396.jpg,42
image_00885.jpg,80
image_01227.jpg,73
image_02011.jpg,79
image_03384.jpg,22
image_04586.jpg,39
image_02346.jpg,42
image_01313.jpg,73
image_02948.jpg,59
image_02413.jpg,42
image_01669.jpg,81
image_07634.jpg,95
image_01052.jpg,45
image_06734.jpg,0
image_01632.jpg,81
image_06644.jpg,2
image_07513.jpg,94
image_02787.jpg,55
image_01769.jpg,82
image_05448.jpg,53
image_00080.jpg,76
image_04121.jpg,28
image_08183.jpg,61
image_01377.jpg,50
image_02341.jpg,42
image_07384.jpg,93
image_07716.jpg,96
image_03084.jpg,91
image_06876.jpg,26
image_03216.jpg,64
image_01436.jpg,50
image_04267.jpg,17
image_06452.jpg,32
image_07776.jpg,97
image_03346.jpg,7
image_08110.jpg,5
image_01873.jpg,77
image_06656.jpg,15
image_00743.jpg,88
image_04070.jpg,11
image_07845.jpg,98
image_01189.jpg,73
image_03003.jpg,59
image_01291.jpg,73
image_06386.jpg,14
image_00763.jpg,88
image_06901.jpg,30
image_03063.jpg,91
image_06813.jpg,20
image_06728.jpg,78
image_02174.jpg,74
image_06161.jpg,18
image_05539.jpg,65
image_05711.jpg,41
image_03140.jpg,10
image_02369.jpg,42
image_03874.jpg,16
image_01304.jpg,73
image_03660.jpg,52
image_03856.jpg,16
image_04041.jpg,11
image_02831.jpg,55
image_00588.jpg,87
image_06716.jpg,78
image_02468.jpg,75
image_06487.jpg,25
image_05469.jpg,86
image_05089.jpg,1
image_04228.jpg,51
image_00354.jpg,72
image_08121.jpg,56
image_07613.jpg,95
image_05158.jpg,4
image_06569.jpg,49
image_07627.jpg,95
image_05507.jpg,86
image_05421.jpg,53
image_02674.jpg,57
image_05989.jpg,68
image_07996.jpg,100
image_00933.jpg,80
image_07704.jpg,96
image_04134.jpg,28
image_01616.jpg,81
image_02937.jpg,59
image_01072.jpg,45
image_02924.jpg,59
image_06623.jpg,2
image_02407.jpg,42
image_02187.jpg,74
image_07590.jpg,94
image_06563.jpg,49
image_07981.jpg,100
image_07102.jpg,9
image_03742.jpg,36
image_00105.jpg,76
image_06714.jpg,78
image_04818.jpg,84
image_05405.jpg,53
image_00378.jpg,72
image_05651.jpg,3
image_06321.jpg,49
image_04842.jpg,90
image_01587.jpg,81
image_01825.jpg,82
image_06358.jpg,14
image_01869.jpg,77
image_07170.jpg,5
image_00470.jpg,87
image_02169.jpg,74
image_03880.jpg,16
image_01560.jpg,43
image_06027.jpg,92
image_03529.jpg,29
image_04205.jpg,51
image_01020.jpg,45
image_06872.jpg,26
image_06223.jpg,48
image_07394.jpg,93
image_03839.jpg,16
image_08066.jpg,30
image_00373.jpg,72
image_00780.jpg,88
image_04612.jpg,39
image_03246.jpg,64
image_03832.jpg,16
image_04666.jpg,47
image_06857.jpg,26
image_01152.jpg,73
image_01448.jpg,50
image_07683.jpg,95
image_03741.jpg,36
image_00900.jpg,80
image_05923.jpg,67
image_03407.jpg,22
image_07643.jpg,95
image_05263.jpg,27
image_00117.jpg,76
image_08036.jpg,101
image_00822.jpg,80
image_03445.jpg,22
image_07839.jpg,98
image_00636.jpg,88
image_03336.jpg,7
image_07022.jpg,38
image_07750.jpg,96
image_01758.jpg,82
image_01074.jpg,45
image_00650.jpg,88
image_03467.jpg,29
image_00140.jpg,76
image_06893.jpg,30
image_06938.jpg,33
image_01333.jpg,50
image_02798.jpg,55
image_03410.jpg,22
image_00400.jpg,72
image_00939.jpg,80
image_08178.jpg,61
image_05787.jpg,12
image_03659.jpg,52
image_00148.jpg,76
image_07414.jpg,93
image_03377.jpg,22
image_06157.jpg,18
image_01817.jpg,82
image_01793.jpg,82
image_07801.jpg,97
image_01785.jpg,82
image_02298.jpg,40
image_07765.jpg,97
image_01954.jpg,77
image_00282.jpg,72
image_07260.jpg,56
image_06271.jpg,60
image_02636.jpg,83
image_03749.jpg,36
image_01834.jpg,77
image_02634.jpg,83
image_01225.jpg,73
image_06084.jpg,13
image_07641.jpg,95
image_03318.jpg,7
image_00667.jpg,88
image_00434.jpg,72
image_06668.jpg,15
image_01231.jpg,73
image_04104.jpg,28
image_05295.jpg,69
image_01211.jpg,73
image_00384.jpg,72
image_02962.jpg,59
image_03708.jpg,52
image_07663.jpg,95
image_05826.jpg,37
image_04219.jpg,51
image_07751.jpg,97
image_05186.jpg,4
image_03348.jpg,7
image_04285.jpg,17
image_03101.jpg,10
image_00578.jpg,87
image_02697.jpg,57
image_04595.jpg,39
image_06425.jpg,8
image_04685.jpg,47
image_01749.jpg,82
image_00211.jpg,76
image_05673.jpg,3
image_04674.jpg,47
image_02292.jpg,40
image_00547.jpg,87
image_00290.jpg,72
image_02885.jpg,85
image_02331.jpg,42
image_01210.jpg,73
image_08168.jpg,61
image_01073.jpg,45
image_05935.jpg,67
image_00186.jpg,76
image_01775.jpg,82
image_03018.jpg,59
image_00994.jpg,45
image_02457.jpg,75
image_06553.jpg,49
image_02813.jpg,55
image_04341.jpg,35
image_06710.jpg,78
image_08078.jpg,66
image_07433.jpg,93
image_01628.jpg,81
image_07322.jpg,93
image_03091.jpg,91
image_02791.jpg,55
image_04914.jpg,19
image_07982.jpg,100
image_02246.jpg,40
image_06325.jpg,49
image_05341.jpg,21
image_01692.jpg,81
image_04677.jpg,47
image_03617.jpg,71
image_06629.jpg,2
image_00951.jpg,45
image_06545.jpg,49
image_06497.jpg,25
image_03116.jpg,10
image_06159.jpg,18
image_00705.jpg,88
image_07457.jpg,93
image_05631.jpg,3
image_02141.jpg,74
image_00184.jpg,76
image_00923.jpg,80
image_01493.jpg,43
image_07435.jpg,93
image_04475.jpg,89
image_03478.jpg,29
image_03873.jpg,16
image_03635.jpg,71
image_00580.jpg,87
image_03567.jpg,71
image_07334.jpg,93
image_00440.jpg,72
image_04617.jpg,39
image_05452.jpg,53
image_00239.jpg,76
image_00525.jpg,87
image_06351.jpg,14
image_01881.jpg,77
image_05930.jpg,67
image_03813.jpg,36
image_03689.jpg,52
image_00142.jpg,76
image_01582.jpg,43
image_03430.jpg,22
image_00790.jpg,80
image_04716.jpg,54
image_03411.jpg,22
image_00111.jpg,76
image_03359.jpg,7
image_01259.jpg,73
image_02696.jpg,57
image_01649.jpg,81
image_05262.jpg,27
image_00096.jpg,76
image_02653.jpg,57
image_03597.jpg,71
image_01381.jpg,50
image_05014.jpg,46
image_05963.jpg,68
image_05649.jpg,3
image_07186.jpg,5
image_02296.jpg,40
image_06492.jpg,25
image_00794.jpg,80
image_07267.jpg,56
image_00231.jpg,76
image_06149.jpg,18
image_04826.jpg,84
image_04370.jpg,35
image_07823.jpg,97
image_05570.jpg,65
image_06293.jpg,60
image_07896.jpg,99
image_01097.jpg,45
image_08162.jpg,61
image_00726.jpg,88
image_01765.jpg,82
image_02944.jpg,59
image_07904.jpg,99
image_04814.jpg,84
image_07669.jpg,95
image_04877.jpg,90
image_04263.jpg,17
image_00563.jpg,87
image_05541.jpg,65
image_07973.jpg,100
image_00783.jpg,80
image_07165.jpg,5
image_07672.jpg,95
image_06817.jpg,23
image_02175.jpg,74
image_07145.jpg,44
image_01409.jpg,50
image_01950.jpg,77
image_07216.jpg,6
image_07036.jpg,38
image_05339.jpg,69
image_00228.jpg,76
image_05211.jpg,4
image_00544.jpg,87
image_00046.jpg,76
image_01520.jpg,43
image_02699.jpg,57
image_08015.jpg,101
image_03082.jpg,91
image_04157.jpg,28
image_03193.jpg,64
image_06527.jpg,25
image_02092.jpg,74
image_05383.jpg,21
image_05779.jpg,12
image_04030.jpg,11
image_07709.jpg,96
image_05123.jpg,1
image_07977.jpg,100
image_06138.jpg,63
image_05194.jpg,4
image_00418.jpg,72
image_02054.jpg,79
image_02484.jpg,75
image_04366.jpg,35
image_06980.jpg,34
image_03628.jpg,71
image_03634.jpg,71
image_01705.jpg,82
image_06285.jpg,60
image_03452.jpg,22
image_05505.jpg,86
image_00948.jpg,45
image_04307.jpg,17
image_06141.jpg,63
image_01450.jpg,50
image_03132.jpg,10
image_03422.jpg,22
image_01657.jpg,81
image_02013.jpg,79
image_00436.jpg,72
image_06508.jpg,25
image_06636.jpg,2
image_04889.jpg,90
image_05403.jpg,53
image_01346.jpg,50
image_02290.jpg,40
image_02997.jpg,59
image_00462.jpg,87
image_01588.jpg,81
image_05585.jpg,31
image_04230.jpg,51
image_03439.jpg,22
image_07508.jpg,94
image_02031.jpg,79
image_00403.jpg,72
image_04238.jpg,51
image_02225.jpg,40
image_00528.jpg,87
image_01988.jpg,79
image_00643.jpg,88
image_02861.jpg,55
image_01265.jpg,73
image_07299.jpg,89
image_05034.jpg,58
image_00374.jpg,72
image_01260.jpg,73
image_02105.jpg,74
image_05893.jpg,62
image_01760.jpg,82
image_04803.jpg,84
image_04531.jpg,70
image_03030.jpg,91
image_01268.jpg,73
image_00765.jpg,88
image_01524.jpg,43
image_04109.jpg,28
image_06801.jpg,20
image_02577.jpg,83
image_02776.jpg,55
image_07710.jpg,96
image_03327.jpg,7
image_05725.jpg,41
image_06591.jpg,24
image_04910.jpg,19
image_00604.jpg,88
image_06191.jpg,18
image_07612.jpg,95
image_06018.jpg,92
image_05146.jpg,1
image_03788.jpg,36
image_08002.jpg,101
image_03566.jpg,71
image_00971.jpg,45
image_00341.jpg,72
image_02444.jpg,42
image_03008.jpg,59
image_04867.jpg,90
image_03189.jpg,64
image_02266.jpg,40
image_00388.jpg,72
image_06871.jpg,26
image_06664.jpg,15
image_05177.jpg,4
image_04460.jpg,89
image_00180.jpg,76
image_02223.jpg,40
image_05408.jpg,53
image_01267.jpg,73
image_00599.jpg,88
image_05838.jpg,37
image_05181.jpg,4
image_03588.jpg,71
image_00720.jpg,88
image_06755.jpg,0
image_02108.jpg,74
image_05359.jpg,21
image_04040.jpg,11
image_03743.jpg,36
image_01277.jpg,73
image_05703.jpg,41
image_03581.jpg,71
image_04364.jpg,35
image_00015.jpg,76
image_04715.jpg,54
image_07895.jpg,99
image_02102.jpg,74
image_06180.jpg,18
image_07851.jpg,98
image_01476.jpg,50
image_06783.jpg,20
image_06628.jpg,2
image_01992.jpg,79
image_00102.jpg,76
image_07333.jpg,93
image_03923.jpg,50
image_05794.jpg,37
image_06622.jpg,2
image_04297.jpg,17
image_02562.jpg,83
image_07239.jpg,56
image_00070.jpg,76
image_03202.jpg,64
image_08067.jpg,30
image_00693.jpg,88
image_05933.jpg,67
image_02848.jpg,55
image_02082.jpg,74
image_00082.jpg,76
image_08007.jpg,101
image_01955.jpg,77
image_02820.jpg,55
image_02583.jpg,83
image_01262.jpg,73
image_02837.jpg,55
image_07899.jpg,99
image_04614.jpg,39
image_05737.jpg,41
image_08084.jpg,34
image_00254.jpg,72
image_06094.jpg,13
image_01556.jpg,43
image_03161.jpg,10
image_05176.jpg,4
image_04498.jpg,70
image_04849.jpg,90
image_06242.jpg,48
image_08131.jpg,56
image_01309.jpg,73
image_00367.jpg,72
image_03615.jpg,71
image_07449.jpg,93
image_07281.jpg,61
image_03904.jpg,16
image_04326.jpg,35
image_07062.jpg,66
image_04926.jpg,19
image_08004.jpg,101
image_06967.jpg,33
image_06978.jpg,34
image_05679.jpg,3
image_00947.jpg,45
image_06158.jpg,18
image_07110.jpg,9
image_00914.jpg,80
image_03465.jpg,29
image_01038.jpg,45
image_07742.jpg,96
image_00298.jpg,72
image_02567.jpg,83
image_02170.jpg,74
image_05424.jpg,53
image_01103.jpg,45
image_07692.jpg,96
image_00283.jpg,72
image_07510.jpg,94
image_00416.jpg,72
image_01843.jpg,77
image_03728.jpg,52
image_05301.jpg,69
image_00067.jpg,76
image_06621.jpg,2
image_00340.jpg,72
image_05803.jpg,37
image_03302.jpg,7
image_03888.jpg,16
image_01222.jpg,73
image_01525.jpg,43
image_03982.jpg,50
image_04883.jpg,90
image_05523.jpg,65
image_07969.jpg,100
image_05458.jpg,53
image_04106.jpg,28
image_03515.jpg,29
image_02543.jpg,75
image_03656.jpg,52
image_04305.jpg,17
image_03055.jpg,91
image_07539.jpg,94
image_05797.jpg,37
image_07001.jpg,34
image_06662.jpg,15
image_03363.jpg,7
image_03137.jpg,10
image_07211.jpg,6
image_06403.jpg,8
image_07560.jpg,94
image_07310.jpg,93
image_02078.jpg,74
image_03757.jpg,36
image_05025.jpg,58
image_02585.jpg,83
image_07535.jpg,94
image_03850.jpg,16
image_00092.jpg,76
image_02835.jpg,55
image_01434.jpg,50
image_04149.jpg,28
image_04979.jpg,46
image_05928.jpg,67
image_06433.jpg,8
image_04580.jpg,39
image_06277.jpg,60
image_07058.jpg,66
image_05870.jpg,62
image_07943.jpg,100
image_03000.jpg,59
image_07819.jpg,97
image_00880.jpg,80
image_08187.jpg,61
image_07849.jpg,98
image_03304.jpg,7
image_04247.jpg,17
image_06253.jpg,60
image_06928.jpg,30
image_06701.jpg,78
image_07478.jpg,94
image_00343.jpg,72
image_03916.jpg,50
image_00196.jpg,76
image_05544.jpg,65
image_01026.jpg,45
image_07215.jpg,6
image_00541.jpg,87
image_02134.jpg,74
image_00152.jpg,76
image_01243.jpg,73
image_07726.jpg,96
image_05449.jpg,53
image_07702.jpg,96
image_02177.jpg,74
image_03921.jpg,50
image_04810.jpg,84
image_01696.jpg,82
image_01453.jpg,50
image_00122.jpg,76
image_06237.jpg,48
image_03632.jpg,71
image_00849.jpg,80
image_05938.jpg,67
image_07437.jpg,93
image_01216.jpg,73
image_07781.jpg,97
image_04953.jpg,46
image_02818.jpg,55
image_07651.jpg,95
image_01621.jpg,81
image_05188.jpg,4
image_07737.jpg,96
image_07836.jpg,98
image_03483.jpg,29
image_06476.jpg,32
image_01198.jpg,73
image_01612.jpg,81
image_01147.jpg,73
image_05904.jpg,67
image_07078.jpg,66
image_03772.jpg,36
image_06850.jpg,26
image_01233.jpg,73
image_07600.jpg,95
image_01686.jpg,81
image_01629.jpg,81
image_06976.jpg,34
image_07843.jpg,98
image_07639.jpg,95
image_04496.jpg,70
image_07405.jpg,93
image_06072.jpg,13
image_05049.jpg,58
image_06183.jpg,18
image_05604.jpg,31
image_02541.jpg,75
image_04962.jpg,46
image_07266.jpg,56
image_00329.jpg,72
image_08080.jpg,38
image_01670.jpg,81
image_06899.jpg,30
image_07656.jpg,95
image_02437.jpg,42
image_05676.jpg,3
image_02904.jpg,85
image_06194.jpg,18
image_03784.jpg,36
image_00203.jpg,76
image_06866.jpg,26
image_04831.jpg,90
image_00562.jpg,87
image_02378.jpg,42
image_02802.jpg,55
image_01399.jpg,50
image_05781.jpg,12
image_05003.jpg,46
image_06977.jpg,34
image_01106.jpg,45
image_00531.jpg,87
image_00326.jpg,72
image_06594.jpg,24
image_05519.jpg,86
image_00602.jpg,88
image_00097.jpg,76
image_04929.jpg,19
image_05567.jpg,65
image_00824.jpg,80
image_00690.jpg,88
image_00891.jpg,80
image_01533.jpg,43
image_06520.jpg,25
image_07815.jpg,97
image_07434.jpg,93
image_02113.jpg,74
image_03754.jpg,36
image_01938.jpg,77
image_03674.jpg,52
image_01605.jpg,81
image_06384.jpg,14
image_01521.jpg,43
image_02591.jpg,83
image_07468.jpg,94
image_03889.jpg,16
image_04788.jpg,84
image_05204.jpg,4
image_05364.jpg,21
image_01056.jpg,45
image_01316.jpg,50
image_05760.jpg,12
image_05048.jpg,58
image_03273.jpg,64
image_06550.jpg,49
image_01141.jpg,45
image_03265.jpg,64
image_07736.jpg,96
image_03990.jpg,50
image_02672.jpg,57
image_05863.jpg,62
image_04986.jpg,46
image_01249.jpg,73
image_06840.jpg,23
image_02792.jpg,55
image_01532.jpg,43
image_03494.jpg,29
image_04591.jpg,39
image_08029.jpg,101
image_07829.jpg,97
image_06981.jpg,34
image_02590.jpg,83
image_03910.jpg,16
image_04165.jpg,51
image_07572.jpg,94
image_07063.jpg,66
image_04660.jpg,47
image_05342.jpg,21
image_03235.jpg,64
image_06093.jpg,13
image_06077.jpg,13
image_00921.jpg,80
image_06581.jpg,24
image_01580.jpg,43
image_05705.jpg,41
image_00645.jpg,88
image_02185.jpg,74
image_03966.jpg,50
image_01839.jpg,77
image_01518.jpg,43
image_05847.jpg,37
image_01674.jpg,81
image_03705.jpg,52
image_07489.jpg,94
image_01494.jpg,43
image_04083.jpg,28
image_02630.jpg,83
image_04727.jpg,54
image_02245.jpg,40
image_04930.jpg,19
image_04439.jpg,89
image_06833.jpg,23
image_01851.jpg,77
image_02964.jpg,59
image_02284.jpg,40
image_02310.jpg,40
image_04887.jpg,90
image_06902.jpg,30
image_02322.jpg,42
image_01832.jpg,77
image_01640.jpg,81
image_05965.jpg,68
image_01698.jpg,82
image_02070.jpg,74
image_08046.jpg,101
image_04451.jpg,89
image_07328.jpg,93
image_07300.jpg,89
image_07047.jpg,66
image_04872.jpg,90
image_03210.jpg,64
image_05617.jpg,31
image_04279.jpg,17
image_00358.jpg,72
image_00255.jpg,72
image_01795.jpg,82
image_03751.jpg,36
image_07000.jpg,34
image_06142.jpg,63
image_02370.jpg,42
image_07689.jpg,96
image_01237.jpg,73
image_04180.jpg,51
image_07637.jpg,95
image_06405.jpg,8
image_04367.jpg,35
image_07527.jpg,94
image_02215.jpg,40
image_05911.jpg,67
image_03622.jpg,71
image_01430.jpg,50
image_00195.jpg,76
image_00556.jpg,87
image_01868.jpg,77
image_05566.jpg,65
image_06123.jpg,63
image_01848.jpg,77
image_04641.jpg,47
image_03344.jpg,7
image_00854.jpg,80
image_05940.jpg,67
image_00482.jpg,87
image_03195.jpg,64
image_06064.jpg,13
image_07733.jpg,96
image_05482.jpg,86
image_00960.jpg,45
image_06911.jpg,30
image_05018.jpg,46
image_01940.jpg,77
image_05404.jpg,53
image_04217.jpg,51
image_06992.jpg,34
image_04034.jpg,11
image_02303.jpg,40
image_00144.jpg,76
image_00029.jpg,76
image_06777.jpg,20
image_01678.jpg,81
image_02077.jpg,74
image_06301.jpg,49
image_00530.jpg,87
image_04621.jpg,39
image_06512.jpg,25
image_00138.jpg,76
image_04430.jpg,89
image_00844.jpg,80
image_02094.jpg,74
image_00736.jpg,88
image_04251.jpg,17
image_03360.jpg,7
image_01720.jpg,82
image_02491.jpg,75
image_08114.jpg,92
image_00656.jpg,88
image_04126.jpg,28
image_02927.jpg,59
image_06513.jpg,25
image_07705.jpg,96
image_07732.jpg,96
image_01700.jpg,82
image_02247.jpg,40
image_07764.jpg,97
image_05446.jpg,53
image_03710.jpg,52
image_01424.jpg,50
image_05276.jpg,27
image_04949.jpg,19
image_04212.jpg,51
image_01641.jpg,81
image_03284.jpg,7
image_05942.jpg,67
image_05681.jpg,3
image_05827.jpg,37
image_06179.jpg,18
image_04822.jpg,84
image_03372.jpg,22
image_06050.jpg,13
image_02301.jpg,40
image_02868.jpg,85
image_00299.jpg,72
image_07859.jpg,98
image_05530.jpg,65
image_04620.jpg,39
image_04392.jpg,35
image_04268.jpg,17
image_00088.jpg,76
image_00594.jpg,87
image_07461.jpg,93
image_06632.jpg,2
image_03804.jpg,36
image_05372.jpg,21
image_07020.jpg,38
image_01754.jpg,82
image_05483.jpg,86
image_06480.jpg,32
image_00168.jpg,76
image_00287.jpg,72
image_05360.jpg,21
image_01425.jpg,50
image_02974.jpg,59
image_05243.jpg,27
image_04796.jpg,84
image_05536.jpg,65
image_05832.jpg,37
image_02854.jpg,55
image_07193.jpg,5
image_03139.jpg,10
image_01815.jpg,82
image_01132.jpg,45
image_05895.jpg,62
image_02193.jpg,40
image_01203.jpg,73
image_04856.jpg,90
image_03352.jpg,7
image_04322.jpg,17
image_07564.jpg,94
image_03863.jpg,16
image_01558.jpg,43
image_08043.jpg,101
image_04173.jpg,51
image_01170.jpg,73
image_06962.jpg,33
image_07804.jpg,97
image_02475.jpg,75
image_02691.jpg,57
image_07934.jpg,99
image_03775.jpg,36
image_04337.jpg,35
image_07074.jpg,66
image_00397.jpg,72
image_07676.jpg,95
image_02936.jpg,59
image_00072.jpg,76
image_04751.jpg,54
image_00917.jpg,80
image_01336.jpg,50
image_05065.jpg,58
image_05142.jpg,1
image_04432.jpg,89
image_01076.jpg,45
image_07912.jpg,99
image_00229.jpg,76
image_04730.jpg,54
image_01849.jpg,77
image_03834.jpg,16
image_00924.jpg,80
image_03974.jpg,50
image_00098.jpg,76
image_04665.jpg,47
image_01780.jpg,82
image_04277.jpg,17
image_07858.jpg,98
image_06523.jpg,25
image_02758.jpg,55
image_02795.jpg,55
image_06437.jpg,8
image_04176.jpg,51
image_02805.jpg,55
image_04076.jpg,11
image_00699.jpg,88
image_03049.jpg,91
image_07337.jpg,93
image_07905.jpg,99
image_07305.jpg,93
image_07178.jpg,5
image_02678.jpg,57
image_07569.jpg,94
image_02137.jpg,74
image_03820.jpg,36
image_04223.jpg,51
image_05982.jpg,68
image_01837.jpg,77
image_02845.jpg,55
image_02387.jpg,42
image_07249.jpg,56
image_07167.jpg,5
image_06233.jpg,48
image_05733.jpg,41
image_07123.jpg,44
image_04694.jpg,47
image_05238.jpg,27
image_07463.jpg,93
image_00040.jpg,76
image_01315.jpg,50
image_05843.jpg,37
image_08134.jpg,56
image_05626.jpg,31
image_00366.jpg,72
image_01964.jpg,79
image_05556.jpg,65
image_05461.jpg,86
image_07731.jpg,96
image_03138.jpg,10
image_04627.jpg,47
image_06646.jpg,2
image_06225.jpg,48
image_07254.jpg,56
image_07501.jpg,94
image_05102.jpg,1
image_00557.jpg,87
image_01478.jpg,50
image_01173.jpg,73
image_06258.jpg,60
image_05995.jpg,68
image_01806.jpg,82
image_03092.jpg,91
image_06256.jpg,60
image_03146.jpg,10
image_08064.jpg,98
image_00336.jpg,72
image_06259.jpg,60
image_07107.jpg,9
image_03371.jpg,22
image_07131.jpg,44
image_01184.jpg,73
image_05991.jpg,68
image_05979.jpg,68
image_01004.jpg,45
image_03763.jpg,36
image_07757.jpg,97
image_06826.jpg,23
image_06670.jpg,15
image_06823.jpg,23
image_01546.jpg,43
image_00906.jpg,80
image_04998.jpg,46
image_01875.jpg,77
image_04144.jpg,28
image_04756.jpg,54
image_08117.jpg,92
image_01202.jpg,73
image_04064.jpg,11
image_02794.jpg,55
image_02610.jpg,83
image_00710.jpg,88
image_04703.jpg,54
image_04271.jpg,17
image_06535.jpg,49
image_02197.jpg,40
image_07155.jpg,44
image_05628.jpg,31
image_07438.jpg,93
image_05476.jpg,86
image_06634.jpg,2
image_05351.jpg,21
image_03440.jpg,22
image_01314.jpg,50
image_02987.jpg,59
image_07900.jpg,99
image_02789.jpg,55
image_06033.jpg,92
image_04178.jpg,51
image_00034.jpg,76
image_05660.jpg,3
image_03187.jpg,64
image_01066.jpg,45
image_03201.jpg,64
image_00123.jpg,76
image_08057.jpg,90
image_06845.jpg,23
image_06691.jpg,15
image_06355.jpg,14
image_00321.jpg,72
image_07917.jpg,99
image_02088.jpg,74
image_05947.jpg,67
image_04382.jpg,35
image_07144.jpg,44
image_06026.jpg,92
image_03142.jpg,10
image_01232.jpg,73
image_02268.jpg,40
image_05019.jpg,46
image_05149.jpg,4
image_01386.jpg,50
image_01384.jpg,50
image_04495.jpg,70
image_00859.jpg,80
image_02300.jpg,40
image_01607.jpg,81
image_07857.jpg,98
image_06825.jpg,23
image_01937.jpg,77
image_06245.jpg,48
image_01890.jpg,77
image_02393.jpg,42
image_06597.jpg,24
image_07247.jpg,56
image_04718.jpg,54
image_06690.jpg,15
image_03016.jpg,59
image_04754.jpg,54
image_04801.jpg,84
image_00669.jpg,88
image_00657.jpg,88
image_07332.jpg,93
image_02500.jpg,75
image_00114.jpg,76
image_01953.jpg,77
image_04903.jpg,19
image_06599.jpg,24
image_03236.jpg,64
image_04225.jpg,51
image_07529.jpg,94
image_00278.jpg,72
image_05756.jpg,12
image_07297.jpg,36
image_02530.jpg,75
image_00272.jpg,72
image_01545.jpg,43
image_04355.jpg,35
image_07649.jpg,95
image_02262.jpg,40
image_00709.jpg,88
image_04236.jpg,51
image_01592.jpg,81
image_04622.jpg,39
image_06730.jpg,78
image_04324.jpg,17
image_06789.jpg,20
image_05447.jpg,53
image_07665.jpg,95
image_00566.jpg,87
image_00028.jpg,76
image_02650.jpg,57
image_07906.jpg,99
image_00238.jpg,76
image_05745.jpg,12
image_03518.jpg,29
image_04597.jpg,39
image_07187.jpg,5
image_04468.jpg,89
image_07424.jpg,93
image_04787.jpg,84
image_03585.jpg,71
image_01263.jpg,73
image_00692.jpg,88
image_00646.jpg,88
image_03646.jpg,52
image_02667.jpg,57
image_04695.jpg,47
image_07667.jpg,95
image_01923.jpg,77
image_04043.jpg,11
image_02693.jpg,57
image_04393.jpg,35
image_02351.jpg,42
image_04142.jpg,28
image_00935.jpg,80
image_00310.jpg,72
image_02461.jpg,75
image_03860.jpg,16
image_02057.jpg,79
image_03280.jpg,64
image_08173.jpg,61
image_05199.jpg,4
image_01338.jpg,50
image_02209.jpg,40
image_05798.jpg,37
image_06098.jpg,63
image_00865.jpg,80
image_08017.jpg,101
image_01491.jpg,43
image_00688.jpg,88
image_02863.jpg,85
image_02161.jpg,74
image_03702.jpg,52
image_07950.jpg,100
image_04452.jpg,89
image_02311.jpg,40
image_01761.jpg,82
image_07834.jpg,98
image_07730.jpg,96
image_01139.jpg,45
image_06713.jpg,78
image_02694.jpg,57
image_07199.jpg,5
image_06134.jpg,63
image_00024.jpg,76
image_06381.jpg,14
image_01866.jpg,77
image_00955.jpg,45
image_04638.jpg,47
image_03915.jpg,50
image_01414.jpg,50
image_00761.jpg,88
image_05521.jpg,86
image_05079.jpg,58
image_03134.jpg,10
image_00555.jpg,87
image_01893.jpg,77
image_07861.jpg,98
image_01387.jpg,50
image_05692.jpg,41
image_04644.jpg,47
image_05580.jpg,65
image_02660.jpg,57
image_00984.jpg,45
image_02723.jpg,57
image_06287.jpg,60
image_00451.jpg,87
image_03679.jpg,52
image_00757.jpg,88
image_06427.jpg,8
image_01447.jpg,50
image_03497.jpg,29
image_05058.jpg,58
image_05972.jpg,68
image_04346.jpg,35
image_05467.jpg,86
image_06000.jpg,68
image_05038.jpg,58
image_00609.jpg,88
image_01724.jpg,82
image_01535.jpg,43
image_00938.jpg,80
image_02281.jpg,40
image_04913.jpg,19
image_03846.jpg,16
image_06793.jpg,20
image_03989.jpg,50
image_02778.jpg,55
image_03345.jpg,7
image_04002.jpg,11
image_08179.jpg,61
image_00444.jpg,72
image_05609.jpg,31
image_00872.jpg,80
image_01651.jpg,81
image_00574.jpg,87
image_06785.jpg,20
image_02869.jpg,85
image_01226.jpg,73
image_01095.jpg,45
image_04445.jpg,89
image_05093.jpg,1
image_06693.jpg,78
image_05144.jpg,1
image_05986.jpg,68
image_05244.jpg,27
image_01505.jpg,43
image_01101.jpg,45
image_04766.jpg,54
image_07280.jpg,61
image_06457.jpg,32
image_07493.jpg,94
image_06925.jpg,30
image_07657.jpg,95
image_02624.jpg,83
image_01509.jpg,43
image_00621.jpg,88
image_03855.jpg,16
image_00934.jpg,80
image_06538.jpg,49
image_03208.jpg,64
image_02503.jpg,75
image_00730.jpg,88
image_04511.jpg,70
image_07344.jpg,93
image_06671.jpg,15
image_06939.jpg,33
image_03168.jpg,10
image_06678.jpg,15
image_01404.jpg,50
image_03339.jpg,7
image_06401.jpg,8
image_06402.jpg,8
image_01140.jpg,45
image_01482.jpg,50
image_04711.jpg,54
image_07174.jpg,5
image_04161.jpg,51
image_06342.jpg,49
image_00820.jpg,80
image_01727.jpg,82
image_00409.jpg,72
image_00896.jpg,80
image_01112.jpg,45
image_07271.jpg,61
image_06075.jpg,13
image_01764.jpg,82
image_00999.jpg,45
image_05033.jpg,58
image_02734.jpg,57
image_01163.jpg,73
image_07040.jpg,38
image_08065.jpg,30
image_01826.jpg,82
image_06505.jpg,25
image_06895.jpg,30
image_04947.jpg,19
image_04456.jpg,89
image_05320.jpg,69
image_03056.jpg,91
image_05297.jpg,69
image_02228.jpg,40
image_00988.jpg,45
image_06364.jpg,14
image_08039.jpg,101
image_08041.jpg,101
image_01343.jpg,50
image_04579.jpg,39
image_05551.jpg,65
image_03163.jpg,10
image_07231.jpg,6
image_07818.jpg,97
image_04971.jpg,46
image_03977.jpg,50
image_05240.jpg,27
image_03150.jpg,10
image_01614.jpg,81
image_01337.jpg,50
image_06882.jpg,26
image_02287.jpg,40
image_06221.jpg,48
image_04174.jpg,51
image_03499.jpg,29
image_06380.jpg,14
image_02398.jpg,42
image_05625.jpg,31
image_00595.jpg,87
image_08103.jpg,6
image_03486.jpg,29
image_06037.jpg,92
image_04636.jpg,47
image_02611.jpg,83
image_02639.jpg,57
image_05061.jpg,58
image_07487.jpg,94
image_06234.jpg,48
image_07133.jpg,44
image_07548.jpg,94
image_01293.jpg,73
image_07775.jpg,97
image_07033.jpg,38
image_06762.jpg,0
image_01191.jpg,73
image_07362.jpg,93
image_01418.jpg,50
image_00782.jpg,80
image_06787.jpg,20
image_04525.jpg,70
image_07545.jpg,94
image_07042.jpg,38
image_01196.jpg,73
image_04749.jpg,54
image_06685.jpg,15
image_05315.jpg,69
image_07092.jpg,9
image_05533.jpg,65
image_00998.jpg,45
image_07114.jpg,9
image_06828.jpg,23
image_00803.jpg,80
image_06214.jpg,48
image_03698.jpg,52
image_03223.jpg,64
image_05574.jpg,65
image_06291.jpg,60
image_05806.jpg,37
image_01811.jpg,82
image_02337.jpg,42
image_07462.jpg,93
image_00260.jpg,72
image_06015.jpg,92
image_00651.jpg,88
image_00878.jpg,80
image_07860.jpg,98
image_06485.jpg,32
image_03102.jpg,10
image_04409.jpg,89
image_06228.jpg,48
image_06372.jpg,14
image_05559.jpg,65
image_00866.jpg,80
image_01796.jpg,82
image_07522.jpg,94
image_04950.jpg,19
image_00587.jpg,87
image_00279.jpg,72
image_00968.jpg,45
image_04309.jpg,17
image_02249.jpg,40
image_07317.jpg,93
image_06074.jpg,13
image_05457.jpg,53
image_06238.jpg,48
image_02321.jpg,42
image_03693.jpg,52
image_01484.jpg,50
image_06878.jpg,26
image_08150.jpg,56
image_08079.jpg,66
image_07993.jpg,100
image_05596.jpg,31
image_07558.jpg,94
image_04471.jpg,89
image_03097.jpg,10
image_06140.jpg,63
image_03890.jpg,16
image_01704.jpg,82
image_00381.jpg,72
image_02966.jpg,59
image_00772.jpg,88
image_02429.jpg,42
image_06490.jpg,25
image_04298.jpg,17
image_06653.jpg,15
image_03383.jpg,22
image_05586.jpg,31
image_04630.jpg,47
image_06459.jpg,32
image_02277.jpg,40
image_01880.jpg,77
image_04237.jpg,51
image_00364.jpg,72
image_03417.jpg,22
image_04155.jpg,28
image_02695.jpg,57
image_06875.jpg,26
image_02881.jpg,85
image_06088.jpg,13
image_04663.jpg,47
image_06073.jpg,13
image_01131.jpg,45
image_03402.jpg,22
image_04023.jpg,11
image_02222.jpg,40
image_02062.jpg,79
image_07448.jpg,93
image_04737.jpg,54
image_04816.jpg,84
image_04470.jpg,89
image_00691.jpg,88
image_03186.jpg,64
image_00855.jpg,80
